Date,Employee_ID,Team,Tasks_Completed,Hours_Worked,Productivity_Score,Task_Type,Task_Priority,Overtime_Hours,Meeting_Hours
2022-01-01,E123,Team D,9,6.586605317808283,82.43,Code Review,Low,0.2,2.91
2022-01-01,E124,Team C,2,9.204295007344223,80.13,Feature Development,High,2.04,0.31
2022-01-01,E125,Team A,6,6.385880327568651,69.95,Feature Development,Low,0.52,1.66
2022-01-01,E126,Team C,9,7.630245514099014,89.34,Bug Fix,Low,0.87,2.88
2022-01-01,E127,Team B,2,9.255631609155868,78.96,Security Patching,High,1.88,2.44
2022-01-02,E123,Team A,4,7.096816205642419,71.57,Testing,Medium,0.51,2.77
2022-01-02,E124,Team C,9,6.864362417801489,74.32,Database Optimization,Medium,2.88,0.41
2022-01-02,E125,Team C,3,9.682812854642368,92.58,Code Review,Medium,0.43,2.44
2022-01-02,E126,Team D,9,8.232658260453384,98.69,Security Patching,Low,0.1,0.73
2022-01-02,E127,Team A,6,8.69631004950439,95.13,User Support,Low,0.74,3.4
2022-01-03,E123,Team C,6,7.141099911712463,91.56,Documentation,Medium,0.75,2.83
2022-01-03,E124,Team A,2,7.249384992418795,60.96,Bug Fix,Low,2.48,3.77
2022-01-03,E125,Team C,3,8.048988064266666,77.55,User Support,Low,0.92,0.8
2022-01-03,E126,Team B,4,9.304963971464124,61.3,Bug Fix,High,2.92,1.82
2022-01-03,E127,Team C,7,7.536538578063196,96.22,Security Patching,Medium,2.56,2.77
2022-01-04,E123,Team A,3,6.962955928033679,79.86,Testing,High,0.93,3.14
2022-01-04,E124,Team C,3,9.653536058448932,85.49,System Maintenance,Low,0.29,0.64
2022-01-04,E125,Team B,1,7.037498726147839,68.7,Security Patching,High,1.79,3.16
2022-01-04,E126,Team D,4,7.846197505209869,68.99,Code Review,Low,1.34,3.88
2022-01-04,E127,Team D,4,6.484533221656706,90.33,Code Review,Medium,1.48,1.65
2022-01-05,E123,Team A,8,6.12847913103562,62.65,Documentation,Medium,0.11,1.93
2022-01-05,E124,Team C,9,9.072856172221378,69.67,System Maintenance,Medium,2.69,2.56
2022-01-05,E125,Team D,4,7.968632941585587,79.06,User Support,High,0.21,3.3
2022-01-05,E126,Team A,2,9.574536993025902,80.48,Code Review,Medium,1.48,0.45
2022-01-05,E127,Team A,1,6.439333460626292,69.94,System Maintenance,High,0.91,0.64
2022-01-06,E123,Team A,1,7.956306773058376,60.64,Deployment,Medium,2.79,1.29
2022-01-06,E124,Team C,3,9.298641679606582,70.75,Feature Development,Medium,0.65,1.55
2022-01-06,E125,Team A,3,6.666850200487129,79.22,System Maintenance,Low,1.51,0.55
2022-01-06,E126,Team D,5,8.182844316056803,73.3,Security Patching,High,1.98,1.05
2022-01-06,E127,Team C,8,7.492431358466018,77.84,Code Review,Medium,1.48,0.36
2022-01-07,E123,Team D,2,7.493575700712896,78.53,System Maintenance,Medium,0.77,2.24
2022-01-07,E124,Team C,8,6.861832105973859,64.97,Feature Development,Medium,2.56,3.6
2022-01-07,E125,Team D,7,7.324630145009238,88.1,Security Patching,Medium,2.8,3.49
2022-01-07,E126,Team A,10,6.681808008156651,87.06,Deployment,High,2.73,3.46
2022-01-07,E127,Team C,9,7.781566345594575,87.11,Security Patching,Low,0.68,0.73
2022-01-08,E123,Team C,6,9.182622812666237,71.14,Testing,Medium,2.71,2.09
2022-01-08,E124,Team C,1,9.522163440610463,64.74,Bug Fix,High,2.8,0.21
2022-01-08,E125,Team D,2,6.707970721788632,62.02,Feature Development,High,2.51,2.31
2022-01-08,E126,Team C,1,6.815470882006961,77.25,Testing,Low,2.28,2.48
2022-01-08,E127,Team C,4,6.911442291822639,62.92,Security Patching,High,1.34,1.33
2022-01-09,E123,Team A,1,6.348890741172366,92.41,Bug Fix,Low,0.24,1.26
2022-01-09,E124,Team B,3,6.627584754841109,61.7,Feature Development,Medium,1.72,2.81
2022-01-09,E125,Team C,5,9.234960723545438,64.0,Documentation,Medium,0.38,0.38
2022-01-09,E126,Team D,10,6.963053362750308,75.74,Code Review,Medium,0.05,3.33
2022-01-09,E127,Team C,8,6.501301569767002,83.45,Bug Fix,High,0.33,3.63
2022-01-10,E123,Team B,2,8.465330723175956,62.76,User Support,Medium,1.79,1.95
2022-01-10,E124,Team A,1,6.799074685851426,90.12,Documentation,Medium,2.09,2.46
2022-01-10,E125,Team D,3,6.530607113925783,66.3,Security Patching,Low,0.66,0.33
2022-01-10,E126,Team A,1,6.7604948304014965,93.06,User Support,High,1.01,2.96
2022-01-10,E127,Team A,4,6.442077792796217,75.59,Bug Fix,High,0.37,0.7
2022-01-11,E123,Team A,5,7.514813090172665,94.41,Testing,Low,0.79,2.66
2022-01-11,E124,Team A,7,8.80881339628801,76.45,Feature Development,High,0.03,3.6
2022-01-11,E125,Team C,5,7.405532624244961,79.99,Feature Development,Medium,2.4,3.05
2022-01-11,E126,Team D,6,6.561793046968938,90.9,Security Patching,Medium,1.38,0.74
2022-01-11,E127,Team B,2,9.459065692814416,69.69,Security Patching,Low,2.9,2.38
2022-01-12,E123,Team A,5,6.419062562628447,99.04,Testing,Low,0.2,1.92
2022-01-12,E124,Team D,1,8.395333268793648,68.27,System Maintenance,Medium,1.03,0.52
2022-01-12,E125,Team A,6,9.545538912123686,95.49,Testing,Low,0.1,3.71
2022-01-12,E126,Team C,8,6.89568007609656,88.06,System Maintenance,Medium,2.4,0.39
2022-01-12,E127,Team B,8,6.600899427339359,91.54,Code Review,Low,0.24,0.45
2022-01-13,E123,Team A,7,6.200458222589436,94.55,Feature Development,Low,1.62,2.87
2022-01-13,E124,Team A,10,6.667131536830645,89.31,Bug Fix,Medium,2.14,2.34
2022-01-13,E125,Team A,2,6.665799461026229,99.5,Security Patching,High,1.48,2.72
2022-01-13,E126,Team B,1,7.072341689290258,61.36,Testing,Low,2.48,2.22
2022-01-13,E127,Team C,5,7.760607467480128,80.83,User Support,Medium,0.66,2.39
2022-01-14,E123,Team A,4,9.767976655861853,68.59,Bug Fix,Medium,0.18,3.39
2022-01-14,E124,Team A,9,7.709228366946684,61.53,Database Optimization,High,0.18,2.7
2022-01-14,E125,Team D,8,6.751754124274999,83.79,Code Review,Medium,1.73,3.47
2022-01-14,E126,Team B,7,9.60207476976931,91.22,User Support,High,2.44,2.92
2022-01-14,E127,Team C,8,6.488659532336127,62.18,User Support,High,2.96,0.54
2022-01-15,E123,Team A,1,9.658511483522005,76.82,Feature Development,High,0.86,0.83
2022-01-15,E124,Team B,3,7.348402668071274,79.3,Security Patching,Medium,1.75,3.14
2022-01-15,E125,Team D,9,9.783724321051793,67.91,Testing,Low,2.32,2.63
2022-01-15,E126,Team B,2,8.216677980702793,69.91,Testing,High,1.53,0.06
2022-01-15,E127,Team B,7,8.373731726420264,83.57,Testing,High,2.6,1.09
2022-01-16,E123,Team C,10,9.449398069308257,83.13,System Maintenance,Low,0.62,1.63
2022-01-16,E124,Team D,3,8.606424428243304,90.53,Database Optimization,Medium,1.6,3.05
2022-01-16,E125,Team A,6,7.936269506720739,86.04,Testing,High,0.32,0.09
2022-01-16,E126,Team B,5,8.938976800695581,67.3,Feature Development,Medium,0.31,3.23
2022-01-16,E127,Team A,7,7.023519583767003,84.45,Bug Fix,High,1.34,1.77
2022-01-17,E123,Team B,5,8.741237722969176,89.34,Testing,Low,0.36,3.43
2022-01-17,E124,Team D,7,8.568033608574142,67.83,Code Review,Low,0.04,2.98
2022-01-17,E125,Team B,7,8.117683450669007,79.03,Feature Development,Low,0.67,1.85
2022-01-17,E126,Team C,10,7.316069079722526,68.32,Code Review,Low,1.78,2.54
2022-01-17,E127,Team B,3,7.091861809105401,96.2,Testing,Low,1.29,3.79
2022-01-18,E123,Team B,7,9.863690205264662,88.35,User Support,Low,2.5,2.47
2022-01-18,E124,Team D,3,6.145654850315996,79.94,Documentation,High,2.45,3.41
2022-01-18,E125,Team B,7,7.426614973288534,77.09,Deployment,Low,1.41,2.93
2022-01-18,E126,Team C,10,9.009266621457822,94.87,System Maintenance,Medium,1.13,2.37
2022-01-18,E127,Team D,5,7.076772640494516,81.8,Documentation,High,0.74,0.13
2022-01-19,E123,Team A,3,6.365523292806563,69.25,Deployment,Low,2.16,3.1
2022-01-19,E124,Team C,10,6.588163907950355,75.77,Feature Development,Medium,2.18,3.5
2022-01-19,E125,Team A,8,7.180771748514483,97.88,Database Optimization,Medium,1.93,0.57
2022-01-19,E126,Team A,5,6.692676845180305,85.88,User Support,Medium,0.31,0.4
2022-01-19,E127,Team D,5,7.006667169606132,79.78,Database Optimization,High,0.47,2.41
2022-01-20,E123,Team B,9,6.105990881283521,98.55,User Support,Medium,2.91,2.09
2022-01-20,E124,Team D,10,7.967193188720935,77.21,Documentation,Low,0.85,2.45
2022-01-20,E125,Team B,3,7.144847277527682,66.14,User Support,Medium,2.57,1.94
2022-01-20,E126,Team D,4,6.303561121712125,97.87,Deployment,Medium,1.52,2.9
2022-01-20,E127,Team B,7,9.856387977730655,84.37,Documentation,High,1.15,2.34
2022-01-21,E123,Team D,2,9.880942392526617,64.18,System Maintenance,Medium,0.58,2.92
2022-01-21,E124,Team A,9,9.99607380685888,95.86,Documentation,Medium,2.94,3.28
2022-01-21,E125,Team D,9,6.7566480298243565,75.09,Deployment,High,2.74,3.03
2022-01-21,E126,Team D,6,6.665726938177221,78.48,Code Review,Medium,0.44,3.17
2022-01-21,E127,Team B,4,8.674782285424282,78.05,System Maintenance,Low,1.85,2.95
2022-01-22,E123,Team D,4,9.288953312275126,77.19,Documentation,Low,2.41,2.05
2022-01-22,E124,Team B,9,9.053434145496603,64.3,Feature Development,Medium,0.51,3.3
2022-01-22,E125,Team B,4,8.208469688022642,95.72,System Maintenance,Low,2.15,2.56
2022-01-22,E126,Team B,7,9.84052295734265,64.02,Security Patching,Medium,0.37,3.49
2022-01-22,E127,Team C,1,9.368656387102728,97.31,User Support,Low,2.41,0.92
2022-01-23,E123,Team C,10,8.211921508942847,62.95,Deployment,Medium,1.3,1.63
2022-01-23,E124,Team D,2,9.546512821490207,60.94,Testing,Low,2.65,1.34
2022-01-23,E125,Team C,9,8.82305710219842,78.88,Database Optimization,Low,3.0,0.84
2022-01-23,E126,Team B,3,9.235321107017784,60.6,Deployment,High,0.06,2.66
2022-01-23,E127,Team A,4,8.702940003644645,75.85,Bug Fix,High,0.17,2.23
2022-01-24,E123,Team D,9,7.575275766437686,99.69,Database Optimization,Low,2.52,2.75
2022-01-24,E124,Team C,9,9.032208787156826,83.77,Testing,High,1.83,0.21
2022-01-24,E125,Team C,10,6.076714685264912,90.96,Documentation,Low,2.61,3.87
2022-01-24,E126,Team A,8,6.020198014575195,82.35,Code Review,High,2.19,0.56
2022-01-24,E127,Team B,4,7.6227463518552705,83.34,Feature Development,Medium,2.89,2.97
2022-01-25,E123,Team A,5,8.64829606253653,93.91,Security Patching,High,0.49,0.5
2022-01-25,E124,Team B,1,8.751141345962694,61.74,User Support,Low,0.54,0.89
2022-01-25,E125,Team A,10,8.813847042746863,93.08,Deployment,Low,0.43,2.0
2022-01-25,E126,Team B,1,7.656027255953703,86.16,Bug Fix,Medium,0.06,2.23
2022-01-25,E127,Team A,2,7.504410273662991,81.03,Feature Development,Low,0.73,0.67
2022-01-26,E123,Team A,4,9.393177079402067,90.3,Documentation,Medium,0.6,0.37
2022-01-26,E124,Team A,10,8.40307992399229,84.93,System Maintenance,Medium,2.19,1.58
2022-01-26,E125,Team D,1,9.078267280156535,92.39,Deployment,Medium,1.31,1.04
2022-01-26,E126,Team B,4,7.5857993132947,63.7,Database Optimization,High,0.48,0.07
2022-01-26,E127,Team A,1,6.709141137785055,93.47,Database Optimization,High,1.17,0.51
2022-01-27,E123,Team D,5,8.84285845553153,97.96,Testing,Medium,1.99,2.79
2022-01-27,E124,Team B,4,8.982379455336504,76.03,System Maintenance,Low,0.68,2.78
2022-01-27,E125,Team C,1,6.490049238997851,66.36,Bug Fix,High,2.85,2.47
2022-01-27,E126,Team C,8,8.02522604000475,78.74,Database Optimization,Medium,2.21,0.39
2022-01-27,E127,Team A,5,7.098991471723631,93.92,Deployment,High,1.63,1.38
2022-01-28,E123,Team C,4,8.576399768248043,97.89,User Support,Medium,1.02,0.23
2022-01-28,E124,Team D,3,6.880717144097206,72.43,Feature Development,Medium,1.49,3.94
2022-01-28,E125,Team C,9,8.010526089445243,94.78,User Support,Low,2.3,0.07
2022-01-28,E126,Team B,10,8.196838076730034,60.39,User Support,Low,2.23,0.96
2022-01-28,E127,Team B,3,8.062855257650435,67.12,Deployment,Medium,1.74,3.87
2022-01-29,E123,Team D,6,9.48738928652753,98.23,Documentation,High,1.03,2.16
2022-01-29,E124,Team A,8,8.973290513517298,75.69,System Maintenance,High,1.56,1.16
2022-01-29,E125,Team D,10,6.872561301374861,77.71,Bug Fix,Medium,2.34,3.06
2022-01-29,E126,Team C,8,6.639166557180488,70.39,Code Review,High,1.36,1.15
2022-01-29,E127,Team B,5,6.920645438302022,80.94,Database Optimization,High,0.23,2.18
2022-01-30,E123,Team D,6,8.59103398319959,62.2,System Maintenance,High,2.31,3.89
2022-01-30,E124,Team D,4,8.204864105689389,67.19,Testing,Medium,2.77,2.53
2022-01-30,E125,Team B,7,8.709595576327889,80.27,Code Review,Low,0.51,3.43
2022-01-30,E126,Team A,7,8.392814693675124,63.08,Testing,Low,0.37,0.03
2022-01-30,E127,Team A,2,8.881129832799223,68.83,Feature Development,High,2.14,1.65
2022-01-31,E123,Team D,9,9.125211998301513,81.68,Documentation,Low,1.34,0.48
2022-01-31,E124,Team A,1,9.535548164035074,91.01,Database Optimization,Medium,2.98,2.4
2022-01-31,E125,Team A,7,9.360147208104621,72.99,Database Optimization,Low,0.39,1.11
2022-01-31,E126,Team B,9,7.4324256041178645,96.86,Code Review,Low,2.71,0.76
2022-01-31,E127,Team A,9,8.873815361079277,77.36,Deployment,High,0.08,1.26
2022-02-01,E123,Team D,3,8.537390569850958,98.85,Deployment,Medium,2.42,1.46
2022-02-01,E124,Team D,4,7.336823021170425,99.67,System Maintenance,Medium,2.92,0.55
2022-02-01,E125,Team B,5,8.017984638882538,68.62,Deployment,Low,2.17,3.77
2022-02-01,E126,Team A,4,8.000672862966386,99.19,Bug Fix,Low,2.19,2.39
2022-02-01,E127,Team C,5,6.172632243297053,74.61,Security Patching,Medium,2.9,3.45
2022-02-02,E123,Team D,2,7.479175614862478,61.01,Database Optimization,Low,1.62,0.7
2022-02-02,E124,Team B,6,7.9015743306964,97.07,Bug Fix,High,0.33,0.82
2022-02-02,E125,Team A,8,9.630478927825381,88.22,User Support,Low,0.64,0.8
2022-02-02,E126,Team B,2,9.978193286250175,77.57,Database Optimization,High,2.76,3.45
2022-02-02,E127,Team B,9,9.210846883577986,79.05,User Support,Medium,1.75,2.93
2022-02-03,E123,Team D,8,6.939551812943637,88.89,User Support,High,1.54,3.56
2022-02-03,E124,Team A,3,6.305479768784003,67.41,Feature Development,Medium,1.88,3.72
2022-02-03,E125,Team B,6,6.523850642849818,65.63,Security Patching,Low,1.4,0.84
2022-02-03,E126,Team B,2,9.52237185507415,87.85,System Maintenance,High,1.15,2.3
2022-02-03,E127,Team D,6,7.9502732621488,65.91,Feature Development,Low,0.86,1.61
2022-02-04,E123,Team D,9,9.843259312639564,69.61,Documentation,Medium,0.98,0.13
2022-02-04,E124,Team B,10,9.681719259082076,60.93,System Maintenance,Medium,0.94,0.53
2022-02-04,E125,Team C,1,7.178200204312809,65.94,Bug Fix,High,1.67,0.46
2022-02-04,E126,Team B,5,9.352559407947524,88.86,User Support,Medium,2.88,3.09
2022-02-04,E127,Team D,4,9.6960712307713,85.76,User Support,Low,2.25,2.63
2022-02-05,E123,Team B,10,9.74628438866385,66.29,System Maintenance,Low,2.08,2.97
2022-02-05,E124,Team A,9,6.8782433974760755,89.89,System Maintenance,High,0.02,2.01
2022-02-05,E125,Team D,5,8.348774224558806,90.92,Testing,High,0.42,3.63
2022-02-05,E126,Team B,6,8.040138404048466,98.44,Code Review,Low,0.36,3.32
2022-02-05,E127,Team A,8,8.363452971934791,68.18,Security Patching,High,1.66,0.69
2022-02-06,E123,Team B,1,7.605258832613345,65.16,Security Patching,High,2.31,0.71
2022-02-06,E124,Team D,1,8.994297885115792,78.78,Feature Development,High,2.3,3.59
2022-02-06,E125,Team A,1,9.398535331654386,81.42,Bug Fix,Low,0.89,2.64
2022-02-06,E126,Team D,7,9.706781678835434,68.19,Database Optimization,Medium,1.25,2.52
2022-02-06,E127,Team B,5,9.815169967908844,63.79,Bug Fix,High,2.13,2.23
2022-02-07,E123,Team B,3,6.322449050076109,84.55,Deployment,Low,1.13,0.05
2022-02-07,E124,Team D,2,7.331234252836074,96.25,Database Optimization,Low,0.07,0.73
2022-02-07,E125,Team D,8,8.955034716069184,66.68,Deployment,High,1.26,0.79
2022-02-07,E126,Team C,9,7.318782255755092,62.99,Security Patching,Low,1.29,2.7
2022-02-07,E127,Team A,4,7.439374828494156,87.32,Bug Fix,High,2.07,3.97
2022-02-08,E123,Team A,4,6.490437609521343,79.11,Documentation,High,0.9,2.64
2022-02-08,E124,Team B,3,7.157975656250843,92.21,Code Review,Medium,1.39,1.79
2022-02-08,E125,Team A,8,8.54718208931045,88.01,Database Optimization,Medium,1.04,0.56
2022-02-08,E126,Team D,6,9.145358439839878,89.05,Feature Development,Low,1.75,3.18
2022-02-08,E127,Team A,9,7.185419100824862,90.71,Bug Fix,Low,0.86,2.48
2022-02-09,E123,Team C,3,7.571243342536895,97.09,Code Review,Low,0.29,3.02
2022-02-09,E124,Team B,7,9.323646543638043,84.19,Feature Development,High,0.23,0.16
2022-02-09,E125,Team C,6,9.828035088182027,80.03,Testing,Low,2.62,1.34
2022-02-09,E126,Team D,10,9.748689822921412,76.48,Bug Fix,High,2.1,3.62
2022-02-09,E127,Team D,2,6.245634224981938,70.26,System Maintenance,High,0.36,2.45
2022-02-10,E123,Team B,10,9.40089274821133,62.47,System Maintenance,Low,2.74,1.56
2022-02-10,E124,Team C,2,9.40349207016158,80.93,Testing,Medium,2.45,1.93
2022-02-10,E125,Team D,7,8.176965029882854,80.3,Code Review,Low,0.21,1.48
2022-02-10,E126,Team B,9,7.886584606791155,62.0,System Maintenance,Medium,1.27,1.32
2022-02-10,E127,Team A,6,7.034678933795803,73.37,Documentation,Medium,1.82,3.05
2022-02-11,E123,Team C,4,7.106824941408038,65.47,Deployment,Medium,2.28,3.12
2022-02-11,E124,Team D,2,9.117701395899733,76.47,Database Optimization,Medium,1.07,3.18
2022-02-11,E125,Team A,7,7.077963120443326,62.15,Security Patching,Low,2.26,3.04
2022-02-11,E126,Team D,5,8.102163569474902,62.45,Documentation,High,1.73,2.76
2022-02-11,E127,Team B,5,9.919536409623966,60.77,System Maintenance,High,0.32,1.5
2022-02-12,E123,Team D,4,6.248381198736558,60.69,Code Review,Medium,0.72,3.35
2022-02-12,E124,Team C,6,7.880457794607439,81.8,User Support,Medium,0.36,2.47
2022-02-12,E125,Team D,7,7.7831241142267835,83.85,Feature Development,Medium,2.13,1.92
2022-02-12,E126,Team D,1,7.628813848545601,85.15,Security Patching,Low,1.87,0.23
2022-02-12,E127,Team D,4,9.084189025833073,77.0,Code Review,Medium,2.12,2.08
2022-02-13,E123,Team C,4,6.126518901264268,68.2,Documentation,High,2.23,0.74
2022-02-13,E124,Team D,5,7.410749721106174,98.52,Testing,Medium,2.89,1.56
2022-02-13,E125,Team D,7,7.4923819404249254,83.84,Testing,High,1.34,1.44
2022-02-13,E126,Team B,9,9.92788714975605,93.14,Feature Development,Low,0.39,2.95
2022-02-13,E127,Team C,5,7.399113453573621,76.95,Deployment,High,0.8,3.67
2022-02-14,E123,Team B,2,8.755178765925802,92.22,Security Patching,High,2.09,1.89
2022-02-14,E124,Team B,8,7.152371154810375,94.77,Security Patching,Medium,0.24,2.64
2022-02-14,E125,Team A,6,8.405131070595479,80.46,Database Optimization,Low,1.43,2.15
2022-02-14,E126,Team A,1,8.240955190488634,73.5,Bug Fix,Medium,0.43,2.5
2022-02-14,E127,Team B,3,9.892594446932025,68.5,Bug Fix,Medium,2.29,3.65
2022-02-15,E123,Team A,8,8.846347267460716,74.66,Testing,Low,1.6,0.54
2022-02-15,E124,Team C,6,8.319825477019172,93.35,System Maintenance,Low,1.43,3.98
2022-02-15,E125,Team A,2,9.784476783938816,72.89,Code Review,High,1.09,1.75
2022-02-15,E126,Team C,4,7.067486458306481,64.5,Deployment,Low,0.83,1.57
2022-02-15,E127,Team C,2,9.39248217413422,62.39,Deployment,Medium,2.66,0.05
2022-02-16,E123,Team C,5,6.164994508763195,66.16,Feature Development,Low,1.84,4.0
2022-02-16,E124,Team C,5,7.412421760408128,85.04,Documentation,Medium,1.03,3.85
2022-02-16,E125,Team D,2,9.029371809838901,62.0,Database Optimization,Medium,2.9,0.74
2022-02-16,E126,Team C,4,8.17538042511314,72.76,Database Optimization,High,0.22,1.38
2022-02-16,E127,Team C,8,6.354724400090269,66.1,Code Review,Medium,1.13,1.47
2022-02-17,E123,Team B,6,9.385246557191874,97.16,Code Review,Medium,0.59,0.6
2022-02-17,E124,Team D,5,7.748634068664762,74.95,Security Patching,Low,2.44,2.94
2022-02-17,E125,Team C,8,8.834959258058008,76.63,Testing,Low,1.98,2.42
2022-02-17,E126,Team C,1,6.030947620432476,63.18,User Support,High,1.62,2.68
2022-02-17,E127,Team D,10,7.506748286680819,74.59,Security Patching,Medium,2.84,2.64
2022-02-18,E123,Team B,1,7.109316669412911,75.41,Code Review,High,1.72,3.39
2022-02-18,E124,Team A,10,8.387322975535875,75.11,System Maintenance,High,0.91,2.78
2022-02-18,E125,Team D,3,7.267688702865483,66.85,System Maintenance,Low,1.51,1.91
2022-02-18,E126,Team C,8,8.629197219198296,72.14,Code Review,Low,1.45,3.88
2022-02-18,E127,Team C,1,8.309199736478604,91.23,Deployment,Low,0.11,2.83
2022-02-19,E123,Team C,5,7.446218858421643,92.02,Code Review,High,0.5,3.6
2022-02-19,E124,Team D,1,6.402532459582256,93.79,Testing,Medium,2.96,3.75
2022-02-19,E125,Team A,6,7.378805988215358,84.13,Bug Fix,High,0.13,1.77
2022-02-19,E126,Team C,4,6.922118915578292,79.01,Database Optimization,High,1.19,0.57
2022-02-19,E127,Team C,9,7.279210846401309,63.29,System Maintenance,Low,1.56,2.16
2022-02-20,E123,Team B,6,7.540741634030292,71.42,Bug Fix,Medium,0.29,3.44
2022-02-20,E124,Team B,9,7.565340738187439,63.1,Testing,Low,0.42,1.31
2022-02-20,E125,Team B,1,7.571934980139518,89.16,Feature Development,Low,2.63,1.9
2022-02-20,E126,Team C,7,8.467114733328447,80.19,User Support,Medium,1.39,3.11
2022-02-20,E127,Team D,2,8.95208047871266,65.0,Documentation,Low,2.04,3.2
2022-02-21,E123,Team D,9,8.725497897149266,87.65,Bug Fix,High,0.04,3.3
2022-02-21,E124,Team D,6,8.204267175200346,69.16,Deployment,Medium,2.12,2.27
2022-02-21,E125,Team A,4,8.938075556275114,91.34,Feature Development,Low,2.88,1.13
2022-02-21,E126,Team D,6,7.509735852528964,87.47,Code Review,Medium,1.15,0.7
2022-02-21,E127,Team B,5,7.358733812134736,65.58,Documentation,Medium,0.29,3.17
2022-02-22,E123,Team C,9,7.173596307669352,97.31,Deployment,Medium,1.55,2.81
2022-02-22,E124,Team C,3,8.419011793767543,89.43,Database Optimization,Low,0.99,0.27
2022-02-22,E125,Team C,1,9.030468404091101,84.91,Code Review,High,1.11,1.69
2022-02-22,E126,Team C,9,7.961150320109536,61.8,Security Patching,Low,0.24,1.51
2022-02-22,E127,Team C,10,9.58839157185334,82.5,Database Optimization,Medium,0.97,1.36
2022-02-23,E123,Team D,3,6.083437369969806,89.45,Testing,High,1.54,0.13
2022-02-23,E124,Team D,3,8.895473346696827,71.26,Bug Fix,High,1.79,2.39
2022-02-23,E125,Team A,7,9.101962913681271,87.87,Bug Fix,High,2.05,3.78
2022-02-23,E126,Team C,6,7.8977689287022965,61.39,Feature Development,Medium,0.11,3.27
2022-02-23,E127,Team A,10,9.714421918745934,98.72,Security Patching,High,2.57,3.86
2022-02-24,E123,Team D,10,8.930459074188615,79.15,Code Review,Medium,0.18,1.37
2022-02-24,E124,Team B,8,9.993550663299182,93.52,System Maintenance,Medium,1.79,1.72
2022-02-24,E125,Team B,7,7.714508635109905,72.06,Database Optimization,Medium,1.76,0.53
2022-02-24,E126,Team D,7,7.087138482842542,69.71,Documentation,Medium,2.77,1.88
2022-02-24,E127,Team D,3,7.553297695037532,72.75,Documentation,High,2.2,1.89
2022-02-25,E123,Team C,5,9.256914464503392,88.74,Database Optimization,High,0.37,0.31
2022-02-25,E124,Team C,4,7.643143018968495,69.68,Database Optimization,Medium,0.74,3.37
2022-02-25,E125,Team A,3,8.111997506813722,68.31,Security Patching,High,0.91,1.27
2022-02-25,E126,Team D,5,6.489522579550619,89.5,Deployment,Medium,1.16,2.68
2022-02-25,E127,Team A,7,6.861420731873703,71.45,Database Optimization,High,1.15,1.02
2022-02-26,E123,Team D,8,8.949455430351366,66.7,User Support,High,2.41,2.08
2022-02-26,E124,Team D,4,6.311047076610606,73.08,Bug Fix,Medium,0.54,1.39
2022-02-26,E125,Team B,9,7.516066264669025,73.99,Deployment,Low,2.24,0.74
2022-02-26,E126,Team B,9,9.67352717543825,81.43,Documentation,High,1.2,0.26
2022-02-26,E127,Team A,6,9.929013896487596,79.71,Database Optimization,High,0.63,2.61
2022-02-27,E123,Team C,1,7.598387722736223,74.49,Documentation,Low,1.82,2.39
2022-02-27,E124,Team A,7,7.631038708691561,87.33,Feature Development,Medium,2.3,2.48
2022-02-27,E125,Team B,2,9.098009953988521,64.34,User Support,Medium,0.36,3.58
2022-02-27,E126,Team B,3,8.898278866716911,64.89,Bug Fix,Low,1.88,3.95
2022-02-27,E127,Team B,9,9.112231438009998,61.22,Code Review,Medium,1.56,2.62
2022-02-28,E123,Team D,7,6.223443790746011,75.99,Code Review,High,0.5,0.08
2022-02-28,E124,Team A,8,6.990384574033703,75.69,Bug Fix,High,2.6,0.86
2022-02-28,E125,Team B,9,8.319275794219017,66.24,Database Optimization,High,0.48,3.91
2022-02-28,E126,Team A,9,6.610371686988858,69.65,Code Review,High,2.11,1.72
2022-02-28,E127,Team A,2,9.962954828417438,86.43,System Maintenance,Low,0.59,3.03
2022-03-01,E123,Team C,8,8.177994849076239,74.13,Bug Fix,Medium,0.31,0.37
2022-03-01,E124,Team C,8,6.325203928252886,82.5,Feature Development,Low,1.37,1.48
2022-03-01,E125,Team C,9,8.87670269703968,80.06,Security Patching,Medium,0.58,3.34
2022-03-01,E126,Team A,4,7.350587769960653,96.87,Documentation,High,0.77,2.16
2022-03-01,E127,Team D,9,7.770171961296283,79.6,Security Patching,High,1.75,2.04
2022-03-02,E123,Team C,10,7.0726738036551025,96.32,Deployment,Low,2.55,0.08
2022-03-02,E124,Team C,10,7.813323458822081,80.88,Code Review,Low,2.82,2.94
2022-03-02,E125,Team A,6,6.9988094599971244,68.0,Database Optimization,High,1.45,0.89
2022-03-02,E126,Team C,5,7.4693848469842905,70.86,Database Optimization,High,2.7,0.57
2022-03-02,E127,Team D,10,8.532133587252655,68.21,Feature Development,Medium,1.99,2.86
2022-03-03,E123,Team A,7,6.922381335912373,61.33,Code Review,High,1.07,3.23
2022-03-03,E124,Team C,6,6.498534070625037,78.73,Documentation,Medium,2.36,1.51
2022-03-03,E125,Team D,10,9.154678268629928,86.12,Testing,Medium,0.8,2.04
2022-03-03,E126,Team B,8,6.580436990652554,93.58,Deployment,Low,1.33,2.36
2022-03-03,E127,Team C,2,8.088106564121215,74.32,Database Optimization,Low,2.59,0.22
2022-03-04,E123,Team C,5,7.844654015251922,84.48,Documentation,Low,1.95,2.21
2022-03-04,E124,Team A,5,7.1373067473689025,93.87,Database Optimization,Medium,1.32,2.16
2022-03-04,E125,Team C,1,9.338464468710814,68.02,Security Patching,Medium,2.5,0.48
2022-03-04,E126,Team C,9,9.347929194685925,97.36,Testing,Low,1.29,2.91
2022-03-04,E127,Team A,2,7.057765908326947,66.47,Testing,Medium,2.95,2.56
2022-03-05,E123,Team A,8,9.392584987666314,67.86,Documentation,Medium,2.1,1.87
2022-03-05,E124,Team C,3,9.559579584926086,68.45,Code Review,Low,2.18,3.16
2022-03-05,E125,Team B,10,9.305833266063004,66.49,User Support,Medium,2.04,2.3
2022-03-05,E126,Team D,3,6.172957340130429,90.7,Documentation,Low,0.37,1.08
2022-03-05,E127,Team B,2,6.211508190969003,81.71,User Support,High,2.32,1.04
2022-03-06,E123,Team B,7,8.980726302962069,84.92,System Maintenance,Medium,2.53,2.3
2022-03-06,E124,Team A,2,8.578148997744101,95.71,Deployment,Low,2.32,3.07
2022-03-06,E125,Team A,3,6.338835500111555,64.06,Database Optimization,Medium,2.52,3.84
2022-03-06,E126,Team D,7,8.831392381025978,97.97,Bug Fix,High,1.13,2.18
2022-03-06,E127,Team D,2,9.479942286502705,65.95,Database Optimization,High,1.83,3.62
2022-03-07,E123,Team B,4,7.702865991907734,82.99,Database Optimization,Medium,0.22,2.29
2022-03-07,E124,Team D,9,7.55274262923114,60.01,Bug Fix,High,0.37,0.48
2022-03-07,E125,Team A,10,8.94660156361006,83.54,Feature Development,Medium,0.8,0.73
2022-03-07,E126,Team D,8,8.414060676849163,64.91,Testing,High,2.6,3.66
2022-03-07,E127,Team D,3,7.18348646856348,82.0,Database Optimization,Low,0.86,2.04
2022-03-08,E123,Team A,1,9.6773763440337,94.23,Database Optimization,High,2.41,0.87
2022-03-08,E124,Team A,7,8.771426992752811,72.35,Code Review,Low,0.98,3.3
2022-03-08,E125,Team C,7,7.058243754581914,66.39,Bug Fix,Medium,2.84,2.42
2022-03-08,E126,Team B,7,8.71985684112827,90.53,User Support,Low,0.48,3.47
2022-03-08,E127,Team A,3,7.943374064063658,84.18,Security Patching,High,0.89,2.3
2022-03-09,E123,Team C,5,8.004336524144115,91.38,User Support,Medium,2.42,0.73
2022-03-09,E124,Team C,8,7.08299668779525,60.51,Bug Fix,High,2.87,0.86
2022-03-09,E125,Team B,10,6.821701535672142,84.37,Feature Development,Medium,1.51,1.33
2022-03-09,E126,Team A,10,6.394691860503167,92.84,Testing,Medium,2.32,2.06
2022-03-09,E127,Team B,3,6.617967884156837,83.44,System Maintenance,High,2.63,0.02
2022-03-10,E123,Team A,8,8.006268550205176,74.66,Bug Fix,Low,0.33,1.14
2022-03-10,E124,Team B,1,6.81704315929428,65.3,User Support,Low,1.51,2.36
2022-03-10,E125,Team A,10,8.418907794120724,79.99,Code Review,Low,1.1,0.27
2022-03-10,E126,Team B,8,9.684722740413633,84.18,Bug Fix,Medium,2.68,0.48
2022-03-10,E127,Team B,7,7.559565801666027,67.23,Code Review,Low,1.24,2.15
2022-03-11,E123,Team D,1,7.457874345881242,64.31,System Maintenance,Low,0.29,0.08
2022-03-11,E124,Team A,10,8.137614390915171,96.24,Security Patching,High,2.11,2.0
2022-03-11,E125,Team A,3,7.2267165008652015,68.71,Documentation,High,1.2,1.24
2022-03-11,E126,Team C,1,8.453250127253579,78.22,Bug Fix,Medium,1.0,1.43
2022-03-11,E127,Team D,5,9.578670785247105,80.8,Database Optimization,Low,2.12,3.51
2022-03-12,E123,Team C,1,9.457262377452654,81.05,Security Patching,Low,2.17,1.35
2022-03-12,E124,Team B,1,8.407443107740622,98.1,Bug Fix,Low,0.3,0.72
2022-03-12,E125,Team C,5,9.770994932167309,61.11,Code Review,Medium,0.28,2.64
2022-03-12,E126,Team A,9,9.40244608123918,94.13,Documentation,High,0.78,0.36
2022-03-12,E127,Team C,1,9.934849278325437,66.6,Code Review,High,0.08,2.3
2022-03-13,E123,Team A,2,9.255548650000687,80.96,Bug Fix,High,0.68,0.89
2022-03-13,E124,Team B,10,8.892141755435443,99.6,Deployment,Medium,1.63,3.6
2022-03-13,E125,Team A,3,6.6597156537575986,68.22,Bug Fix,Medium,2.56,1.53
2022-03-13,E126,Team B,4,7.233913849198712,85.91,User Support,Low,1.37,1.99
2022-03-13,E127,Team C,1,9.368082846721176,64.88,Code Review,Medium,1.51,1.34
2022-03-14,E123,Team B,10,8.42931803129793,85.05,User Support,Low,2.69,3.65
2022-03-14,E124,Team B,9,7.980820924956145,73.63,Database Optimization,Low,2.08,1.74
2022-03-14,E125,Team D,1,8.269029719018679,89.49,User Support,High,2.29,3.38
2022-03-14,E126,Team C,7,6.964439234985391,60.15,Database Optimization,Medium,0.57,0.53
2022-03-14,E127,Team C,10,9.18815310734121,87.67,Testing,High,0.32,2.67
2022-03-15,E123,Team A,9,6.0633344086420635,92.5,Security Patching,Medium,2.29,3.4
2022-03-15,E124,Team B,5,9.692690179113168,84.47,Code Review,High,2.12,0.2
2022-03-15,E125,Team A,10,7.605799408920008,99.29,Documentation,High,1.94,3.18
2022-03-15,E126,Team B,8,6.078454758804825,60.03,Feature Development,High,1.19,3.97
2022-03-15,E127,Team D,4,7.8597077298976,86.43,Feature Development,Low,1.26,2.76
2022-03-16,E123,Team B,7,9.76089597149468,76.79,Database Optimization,Medium,2.92,3.58
2022-03-16,E124,Team B,7,9.346883388297575,68.55,Database Optimization,Low,1.76,1.8
2022-03-16,E125,Team A,1,8.618022653701352,75.27,Deployment,Medium,2.49,1.43
2022-03-16,E126,Team D,6,8.391817026987663,83.31,Testing,Medium,2.5,0.71
2022-03-16,E127,Team C,5,6.61814102205939,83.61,Code Review,Low,2.56,0.88
2022-03-17,E123,Team B,4,9.987632250054515,76.26,User Support,High,2.54,3.53
2022-03-17,E124,Team D,6,9.51985068789837,73.77,Code Review,High,1.17,1.71
2022-03-17,E125,Team B,6,9.911499010066809,91.59,Database Optimization,Medium,1.25,3.11
2022-03-17,E126,Team B,8,7.343221339553528,91.37,Code Review,Low,0.38,1.51
2022-03-17,E127,Team D,5,8.600285706579392,82.57,User Support,Medium,2.56,1.67
2022-03-18,E123,Team C,4,8.08642815505313,98.38,Code Review,Low,2.12,1.04
2022-03-18,E124,Team C,5,7.881730693961911,84.38,Security Patching,High,1.89,0.91
2022-03-18,E125,Team C,6,9.483848466659802,69.23,Database Optimization,High,2.71,2.22
2022-03-18,E126,Team C,1,7.9560569251833035,63.11,Documentation,High,0.61,2.71
2022-03-18,E127,Team B,9,8.354481303115838,67.56,System Maintenance,High,0.25,0.47
2022-03-19,E123,Team A,10,8.463265798527676,61.01,Database Optimization,Low,1.58,1.11
2022-03-19,E124,Team D,7,8.398251946866498,89.95,Documentation,High,1.45,0.34
2022-03-19,E125,Team C,1,6.866856338843417,62.94,Security Patching,High,1.15,0.54
2022-03-19,E126,Team A,2,8.098364634512084,60.75,Testing,Medium,0.51,2.32
2022-03-19,E127,Team C,1,8.58211718825202,90.57,Code Review,High,0.16,1.29
2022-03-20,E123,Team D,5,6.107752415605674,93.1,Bug Fix,High,1.0,0.14
2022-03-20,E124,Team A,10,9.699328929205938,65.64,Code Review,Low,1.14,2.91
2022-03-20,E125,Team B,6,7.4294894576134345,89.6,Code Review,High,0.29,2.01
2022-03-20,E126,Team D,5,7.442380045944144,80.95,Feature Development,Medium,0.89,3.37
2022-03-20,E127,Team C,8,9.25166845395099,68.9,System Maintenance,High,2.37,2.66
2022-03-21,E123,Team C,4,6.550566012426797,77.51,Bug Fix,Low,1.28,3.58
2022-03-21,E124,Team A,3,6.563118337670179,69.63,System Maintenance,High,1.36,2.42
2022-03-21,E125,Team C,1,7.49152397556913,91.39,Database Optimization,High,2.37,0.84
2022-03-21,E126,Team D,8,8.975492173238,96.56,System Maintenance,Medium,1.91,2.94
2022-03-21,E127,Team A,10,7.724359149261451,92.06,Code Review,Medium,2.24,2.37
2022-03-22,E123,Team D,7,8.954022270086833,90.73,Deployment,Medium,1.84,0.76
2022-03-22,E124,Team A,5,9.531618831996406,96.68,Database Optimization,Low,0.04,2.21
2022-03-22,E125,Team D,5,8.206086575126049,99.72,System Maintenance,Medium,2.43,2.18
2022-03-22,E126,Team D,4,6.155822659369813,88.96,System Maintenance,Medium,2.37,1.08
2022-03-22,E127,Team B,7,7.446808505941963,97.74,User Support,Medium,0.08,0.01
2022-03-23,E123,Team C,8,8.2755389830345,75.45,User Support,Medium,2.65,0.32
2022-03-23,E124,Team A,10,8.735172820577075,99.63,Bug Fix,Medium,0.6,0.19
2022-03-23,E125,Team A,9,8.72549924360461,74.45,System Maintenance,Low,0.83,2.41
2022-03-23,E126,Team B,5,6.366131733847105,92.36,Bug Fix,High,2.48,0.69
2022-03-23,E127,Team C,8,9.91593333412964,95.66,Documentation,High,2.51,0.71
2022-03-24,E123,Team C,1,6.094039517693425,75.59,Testing,High,1.01,0.74
2022-03-24,E124,Team D,1,9.123744712940097,71.22,Documentation,High,0.28,2.93
2022-03-24,E125,Team D,7,8.205837019660693,71.46,Feature Development,Medium,2.83,2.87
2022-03-24,E126,Team C,10,7.86520383860794,66.79,System Maintenance,Low,0.65,0.6
2022-03-24,E127,Team C,6,9.5985490950862,79.96,Deployment,High,2.72,3.85
2022-03-25,E123,Team D,8,7.435307245884422,67.93,System Maintenance,High,0.71,1.41
2022-03-25,E124,Team C,5,8.4446046542796,77.7,Database Optimization,Medium,0.6,2.59
2022-03-25,E125,Team A,9,9.452935305471227,84.89,System Maintenance,Medium,2.74,1.55
2022-03-25,E126,Team B,3,9.20927813128162,72.23,Documentation,High,2.56,0.28
2022-03-25,E127,Team A,8,7.64257731692328,75.65,Testing,High,2.67,2.22
2022-03-26,E123,Team B,4,6.415927894044023,63.93,Bug Fix,Medium,1.95,3.89
2022-03-26,E124,Team D,6,6.869602942425516,96.79,Database Optimization,High,0.26,1.27
2022-03-26,E125,Team C,5,8.2482083546187,75.62,Bug Fix,High,0.8,2.54
2022-03-26,E126,Team D,7,7.045195028775185,80.22,Security Patching,High,1.77,3.05
2022-03-26,E127,Team D,7,6.5138011406108145,95.31,Testing,High,0.09,0.83
2022-03-27,E123,Team B,2,7.528995587257951,65.49,Feature Development,Low,2.3,1.47
2022-03-27,E124,Team A,4,6.66004994301574,99.76,Documentation,Medium,0.18,2.1
2022-03-27,E125,Team B,8,6.800740983663257,81.08,Bug Fix,Medium,0.98,1.17
2022-03-27,E126,Team C,10,9.58615474540116,68.71,Testing,High,2.55,2.33
2022-03-27,E127,Team A,3,9.749040466594955,99.99,Testing,Medium,0.43,1.93
2022-03-28,E123,Team D,2,9.260334285859182,86.51,Documentation,High,1.71,2.8
2022-03-28,E124,Team B,4,8.436539092738993,95.17,Feature Development,High,2.28,0.59
2022-03-28,E125,Team A,6,9.332767047197922,81.22,Security Patching,Low,0.12,2.84
2022-03-28,E126,Team C,6,8.485951640411933,97.23,Testing,High,0.93,1.95
2022-03-28,E127,Team B,3,6.277187754189734,64.86,Database Optimization,Low,2.93,1.02
2022-03-29,E123,Team A,8,8.103717038145762,74.2,System Maintenance,High,0.01,0.72
2022-03-29,E124,Team C,8,7.863403369427381,84.54,Database Optimization,High,1.85,0.36
2022-03-29,E125,Team A,4,8.886539863585991,87.5,User Support,Medium,2.95,3.7
2022-03-29,E126,Team B,2,6.88319692247902,86.65,User Support,High,2.34,3.78
2022-03-29,E127,Team C,9,9.839542888710408,93.3,Code Review,Medium,0.18,1.71
2022-03-30,E123,Team D,6,6.017287272420736,82.31,Feature Development,High,0.34,1.64
2022-03-30,E124,Team B,6,6.150503011341537,89.63,Database Optimization,High,0.6,1.92
2022-03-30,E125,Team A,7,6.908386863215883,96.16,System Maintenance,Low,2.62,1.01
2022-03-30,E126,Team C,10,7.270688650238837,71.58,Bug Fix,Medium,2.17,3.85
2022-03-30,E127,Team A,5,9.092125921042715,98.0,Testing,Low,0.68,3.84
2022-03-31,E123,Team A,7,9.073241423852892,97.11,Documentation,High,2.53,1.34
2022-03-31,E124,Team B,10,8.885905933010118,69.71,Security Patching,Medium,2.72,0.64
2022-03-31,E125,Team B,5,6.728946631124323,81.81,User Support,Medium,0.34,2.57
2022-03-31,E126,Team A,10,8.239949987721253,66.98,Feature Development,Low,1.5,1.88
2022-03-31,E127,Team B,10,7.632105134197405,69.99,Bug Fix,High,0.56,1.79
2022-04-01,E123,Team A,4,7.833262419087851,82.7,Security Patching,High,0.67,2.15
2022-04-01,E124,Team A,4,9.339396638210598,78.86,Code Review,Low,1.9,3.26
2022-04-01,E125,Team B,10,9.277302681619847,69.63,Database Optimization,High,2.2,0.65
2022-04-01,E126,Team C,7,6.204964111884377,86.12,Code Review,Medium,1.58,3.42
2022-04-01,E127,Team C,10,8.502915950027797,85.21,User Support,Low,2.52,1.95
2022-04-02,E123,Team B,9,6.827768449496492,67.78,Documentation,Low,2.67,0.5
2022-04-02,E124,Team C,9,8.302424866280052,63.51,Code Review,High,0.63,2.83
2022-04-02,E125,Team B,3,8.370437488459594,83.23,Database Optimization,Low,2.65,2.33
2022-04-02,E126,Team C,1,9.160587981204134,97.88,Feature Development,Low,0.93,2.92
2022-04-02,E127,Team D,10,9.496457986472645,69.61,Feature Development,Medium,2.76,0.02
2022-04-03,E123,Team D,10,7.369154555155762,74.97,User Support,High,1.33,2.53
2022-04-03,E124,Team C,7,7.8899187036145495,63.07,Deployment,Low,0.48,2.72
2022-04-03,E125,Team C,8,8.407744760389653,93.54,Testing,High,0.58,1.57
2022-04-03,E126,Team B,4,6.556896719228755,80.9,Testing,High,1.95,3.63
2022-04-03,E127,Team C,5,9.467028976940657,77.36,Feature Development,Medium,0.31,2.3
2022-04-04,E123,Team A,6,7.478057678024505,98.86,Feature Development,High,0.24,3.83
2022-04-04,E124,Team B,5,9.752279655112806,60.95,Code Review,Low,1.1,2.84
2022-04-04,E125,Team B,2,9.71344084465635,71.47,Bug Fix,High,1.11,2.12
2022-04-04,E126,Team B,5,6.892351213257889,63.84,Database Optimization,High,0.98,1.73
2022-04-04,E127,Team D,10,6.4251513209763145,75.07,Bug Fix,Medium,2.34,2.15
2022-04-05,E123,Team A,5,8.204003158688774,61.59,Deployment,Medium,2.43,2.75
2022-04-05,E124,Team C,10,9.010536291653764,73.4,Feature Development,Low,1.94,1.81
2022-04-05,E125,Team A,7,9.3213861430888,92.26,Database Optimization,Medium,2.24,1.42
2022-04-05,E126,Team B,6,7.478726872569122,64.17,Documentation,Low,1.82,3.73
2022-04-05,E127,Team C,5,8.58067531721842,88.2,Security Patching,Medium,0.57,1.97
2022-04-06,E123,Team C,9,9.357558306940055,71.54,Bug Fix,Low,0.65,2.34
2022-04-06,E124,Team B,9,6.103959305773139,72.25,Testing,Low,0.24,1.2
2022-04-06,E125,Team B,2,8.970402983826883,89.96,Deployment,High,0.21,3.15
2022-04-06,E126,Team D,10,8.349437866595657,78.27,Security Patching,High,0.77,3.21
2022-04-06,E127,Team D,5,6.479683235805497,64.61,Deployment,High,0.72,2.07
2022-04-07,E123,Team D,2,8.05155439125127,70.83,Documentation,High,0.21,1.79
2022-04-07,E124,Team B,9,9.691199708129247,71.97,Feature Development,High,2.64,0.67
2022-04-07,E125,Team B,1,8.223696578608873,73.34,Database Optimization,High,1.76,0.8
2022-04-07,E126,Team C,2,6.047920536084107,78.19,Security Patching,Medium,0.84,1.7
2022-04-07,E127,Team B,4,8.02049345425962,72.61,Feature Development,Medium,0.33,1.84
2022-04-08,E123,Team C,10,8.948488327693132,73.89,Database Optimization,High,2.56,0.84
2022-04-08,E124,Team D,7,9.938989899204772,73.04,User Support,Medium,2.87,2.28
2022-04-08,E125,Team D,3,9.595630779452291,71.23,Feature Development,Medium,0.17,2.68
2022-04-08,E126,Team D,10,8.115647465454702,91.67,Code Review,Low,2.5,3.8
2022-04-08,E127,Team D,6,9.11643286068795,69.8,Documentation,Low,1.48,0.12
2022-04-09,E123,Team C,1,9.25504682837814,94.05,Bug Fix,Low,2.39,0.9
2022-04-09,E124,Team D,2,9.17422982679298,90.89,Documentation,Low,1.84,0.25
2022-04-09,E125,Team A,5,6.94951758974365,76.16,Feature Development,Medium,0.44,0.85
2022-04-09,E126,Team D,4,7.123530890609355,91.59,Code Review,Low,0.93,3.49
2022-04-09,E127,Team A,5,9.799797028047283,96.57,Database Optimization,Medium,2.16,0.63
2022-04-10,E123,Team C,8,6.4573490841741386,81.71,Deployment,Medium,0.98,3.96
2022-04-10,E124,Team C,9,8.216890039511759,76.13,Security Patching,High,0.33,1.06
2022-04-10,E125,Team C,1,6.904394406081499,93.12,Feature Development,Low,0.47,3.03
2022-04-10,E126,Team D,3,9.246387739064055,94.34,Security Patching,Medium,1.97,3.14
2022-04-10,E127,Team A,9,8.181241968126066,84.49,Bug Fix,Medium,2.36,1.05
2022-04-11,E123,Team A,1,8.001681745298274,99.05,Database Optimization,High,1.62,1.44
2022-04-11,E124,Team D,5,9.176611007334326,71.85,Feature Development,Medium,0.37,2.43
2022-04-11,E125,Team D,2,7.093566393726509,85.17,Code Review,Low,1.96,3.33
2022-04-11,E126,Team C,8,6.3517565998604315,88.36,Code Review,Medium,1.44,0.16
2022-04-11,E127,Team D,4,7.245079118183815,98.99,Code Review,High,1.19,1.13
2022-04-12,E123,Team B,6,9.74699216356785,75.27,Bug Fix,Medium,2.49,1.8
2022-04-12,E124,Team A,2,7.354895960153836,87.35,Bug Fix,Medium,0.48,2.42
2022-04-12,E125,Team B,8,8.254425704841612,80.7,System Maintenance,Low,0.53,2.18
2022-04-12,E126,Team D,10,6.8972770193506445,61.8,System Maintenance,High,0.43,3.43
2022-04-12,E127,Team C,4,8.405455719682724,72.23,Database Optimization,Medium,0.59,1.15
2022-04-13,E123,Team B,8,7.576983454193151,73.97,Bug Fix,Low,2.5,1.98
2022-04-13,E124,Team A,9,8.615917275818555,72.74,Documentation,High,2.54,0.33
2022-04-13,E125,Team A,1,9.337134698762027,61.81,Bug Fix,Low,2.62,1.15
2022-04-13,E126,Team A,3,7.485945483534767,69.46,Bug Fix,Medium,2.34,1.53
2022-04-13,E127,Team D,4,6.2398361492326355,75.19,Security Patching,Low,1.74,1.44
2022-04-14,E123,Team A,3,9.074238737057279,80.52,Feature Development,High,1.02,3.83
2022-04-14,E124,Team B,1,7.197069230240482,80.4,Database Optimization,Medium,1.39,1.38
2022-04-14,E125,Team B,1,9.367924499651044,77.2,Deployment,High,2.79,0.35
2022-04-14,E126,Team D,6,8.923187576054115,84.15,System Maintenance,Medium,0.55,1.48
2022-04-14,E127,Team D,8,8.051572039175463,61.88,Feature Development,High,1.37,3.41
2022-04-15,E123,Team B,3,6.167448270975275,87.49,Bug Fix,Medium,1.99,1.82
2022-04-15,E124,Team D,10,9.88142983101561,87.38,Deployment,Low,0.35,0.33
2022-04-15,E125,Team D,5,9.79947997035194,91.82,System Maintenance,High,2.76,1.07
2022-04-15,E126,Team A,1,9.623764306782228,87.04,Bug Fix,Low,2.42,0.43
2022-04-15,E127,Team B,6,8.040786955923021,75.09,Database Optimization,Medium,2.83,2.87
2022-04-16,E123,Team D,9,9.414216622716058,69.41,Code Review,High,1.85,2.21
2022-04-16,E124,Team B,1,9.02989635564995,91.62,Code Review,Medium,0.86,2.38
2022-04-16,E125,Team B,3,6.6400940291394015,99.01,Code Review,Low,2.13,0.6
2022-04-16,E126,Team D,1,9.95543224424593,62.98,Deployment,High,1.74,1.24
2022-04-16,E127,Team A,8,9.738426670169497,83.72,System Maintenance,High,1.67,1.65
2022-04-17,E123,Team C,9,9.96798067541792,87.41,Bug Fix,High,0.38,1.6
2022-04-17,E124,Team B,8,7.7219949281850075,81.79,Database Optimization,Low,0.97,2.91
2022-04-17,E125,Team D,7,6.9665008885202155,78.31,Feature Development,Medium,2.7,0.66
2022-04-17,E126,Team C,4,9.103762348166413,62.39,Code Review,High,0.14,2.5
2022-04-17,E127,Team B,9,8.667044520734795,81.35,Documentation,Medium,1.57,3.22
2022-04-18,E123,Team D,1,9.884431056720793,89.93,Database Optimization,Low,0.2,0.59
2022-04-18,E124,Team C,1,6.601323548021435,63.21,User Support,Medium,2.04,2.97
2022-04-18,E125,Team C,3,9.00058227092168,97.49,System Maintenance,High,2.28,3.72
2022-04-18,E126,Team B,5,8.935759965089023,82.92,Code Review,Low,0.14,0.29
2022-04-18,E127,Team D,10,6.04817892556411,90.01,Database Optimization,Low,2.79,0.97
2022-04-19,E123,Team C,2,6.210801538230244,94.67,Bug Fix,Medium,2.28,1.23
2022-04-19,E124,Team D,5,7.18531113099371,90.59,Deployment,Medium,0.8,1.94
2022-04-19,E125,Team D,3,8.013632621117885,90.96,Security Patching,Low,1.01,2.87
2022-04-19,E126,Team C,6,8.94077460783544,90.45,Feature Development,Low,1.59,3.86
2022-04-19,E127,Team B,6,9.235183846108669,88.15,Security Patching,Low,1.24,0.77
2022-04-20,E123,Team B,2,9.100455451452314,85.66,Security Patching,Low,1.16,2.42
2022-04-20,E124,Team B,10,6.972559046745868,83.38,Database Optimization,High,1.7,0.37
2022-04-20,E125,Team B,9,6.188307923814897,64.94,Deployment,Low,1.57,2.94
2022-04-20,E126,Team A,2,6.184278684575736,73.92,User Support,Medium,1.21,3.48
2022-04-20,E127,Team D,9,6.244073187832708,67.5,Testing,High,0.36,0.6
2022-04-21,E123,Team C,10,9.512082990291884,63.09,User Support,Medium,0.48,3.94
2022-04-21,E124,Team C,8,9.524799532327764,73.72,Documentation,Medium,0.34,1.29
2022-04-21,E125,Team C,9,9.746695444489102,64.26,Security Patching,Medium,2.68,0.08
2022-04-21,E126,Team A,9,8.846306738553395,62.5,System Maintenance,Low,1.43,1.27
2022-04-21,E127,Team C,10,8.769919866241773,96.24,System Maintenance,High,2.12,1.46
2022-04-22,E123,Team C,4,9.11906648925673,99.71,User Support,Medium,1.52,0.22
2022-04-22,E124,Team B,5,6.3041494143607135,75.62,Documentation,High,2.73,2.07
2022-04-22,E125,Team A,10,6.378457079463845,78.93,Code Review,Medium,0.41,0.38
2022-04-22,E126,Team C,8,6.821877469331822,87.34,Code Review,Medium,2.71,2.2
2022-04-22,E127,Team C,6,9.462283469734878,82.64,Database Optimization,High,2.48,3.91
2022-04-23,E123,Team D,6,7.884634590838939,99.64,Testing,High,2.81,0.9
2022-04-23,E124,Team A,5,8.214786674283397,96.52,Documentation,Low,1.64,0.51
2022-04-23,E125,Team A,4,8.362854926065388,73.06,Testing,Low,2.16,1.0
2022-04-23,E126,Team A,3,9.513785591251052,74.56,Security Patching,High,1.54,0.83
2022-04-23,E127,Team C,7,8.13102745566314,71.92,Testing,Low,2.92,1.57
2022-04-24,E123,Team C,4,6.891859164775598,98.95,Database Optimization,Medium,2.84,3.34
2022-04-24,E124,Team D,10,8.080176990461293,87.62,Documentation,Medium,2.27,0.16
2022-04-24,E125,Team D,8,9.706133787057924,83.08,System Maintenance,High,2.77,2.71
2022-04-24,E126,Team C,2,9.835750436093363,64.12,Documentation,Medium,2.58,2.21
2022-04-24,E127,Team D,9,8.012570164531937,99.16,Bug Fix,High,2.58,2.73
2022-04-25,E123,Team D,7,7.339361475129055,69.71,Testing,Medium,0.78,3.41
2022-04-25,E124,Team D,6,8.247208481459888,92.63,User Support,Medium,2.52,1.66
2022-04-25,E125,Team A,3,7.359723942245644,80.81,Feature Development,Low,1.37,3.43
2022-04-25,E126,Team D,3,8.854305257272461,71.24,Deployment,High,2.23,1.34
2022-04-25,E127,Team C,5,8.805452214903568,89.57,Code Review,Medium,0.54,2.05
2022-04-26,E123,Team B,3,6.847067787987028,80.27,Security Patching,High,1.92,1.62
2022-04-26,E124,Team D,8,9.373445817191852,61.11,Code Review,Medium,1.46,0.45
2022-04-26,E125,Team A,7,7.208967712643792,96.26,Code Review,High,2.83,3.64
2022-04-26,E126,Team D,7,8.73289266127098,83.07,Security Patching,High,0.74,0.22
2022-04-26,E127,Team D,9,8.303042003518838,75.08,Documentation,Medium,2.13,1.94
2022-04-27,E123,Team D,6,8.23341463461856,77.28,Bug Fix,High,2.09,3.76
2022-04-27,E124,Team C,9,7.589436082611858,61.61,Security Patching,Low,1.18,3.09
2022-04-27,E125,Team D,2,9.25346929879327,72.9,Documentation,Medium,0.57,3.47
2022-04-27,E126,Team B,3,8.328886255733789,97.9,Bug Fix,Low,1.49,1.91
2022-04-27,E127,Team C,2,8.067113847053065,87.74,Feature Development,Low,1.1,0.05
2022-04-28,E123,Team A,5,8.062085186221184,81.83,Documentation,High,1.9,2.16
2022-04-28,E124,Team B,4,8.305837170748713,76.06,Bug Fix,High,0.8,3.73
2022-04-28,E125,Team A,9,6.905353103523833,75.68,Database Optimization,Low,0.1,2.1
2022-04-28,E126,Team D,8,9.857276304662438,68.2,Feature Development,Medium,1.12,3.4
2022-04-28,E127,Team A,10,7.442496745758787,78.49,Feature Development,High,0.5,0.47
2022-04-29,E123,Team D,10,6.838753572567565,72.46,Database Optimization,Medium,1.26,2.9
2022-04-29,E124,Team A,9,8.024770913175336,91.08,Bug Fix,Low,2.22,3.86
2022-04-29,E125,Team A,6,9.520914390736472,88.76,Database Optimization,Low,1.38,3.67
2022-04-29,E126,Team B,4,7.186147647370853,92.16,Testing,Low,0.28,0.88
2022-04-29,E127,Team A,4,6.597950341314821,76.74,Feature Development,Medium,1.43,3.26
2022-04-30,E123,Team C,8,9.970726683546063,67.96,Documentation,Medium,2.57,0.01
2022-04-30,E124,Team D,4,8.24770938110024,70.38,Testing,Medium,1.34,0.38
2022-04-30,E125,Team A,6,8.442019919160625,65.28,Documentation,Low,2.01,3.29
2022-04-30,E126,Team A,8,9.696000138396567,74.68,Bug Fix,Medium,1.93,0.74
2022-04-30,E127,Team B,8,6.711472095604604,83.08,Database Optimization,High,2.77,0.53
2022-05-01,E123,Team D,2,8.998313689642572,68.55,Database Optimization,Medium,0.6,3.27
2022-05-01,E124,Team B,1,6.495268715126754,86.76,Feature Development,High,2.84,3.15
2022-05-01,E125,Team A,2,6.80382947472499,75.77,Security Patching,Medium,0.17,0.13
2022-05-01,E126,Team C,4,8.129759383543771,73.74,User Support,Low,0.06,3.76
2022-05-01,E127,Team B,7,6.412379634388896,70.24,Documentation,Medium,2.44,2.17
2022-05-02,E123,Team C,3,7.188070476458675,74.61,System Maintenance,Medium,0.75,2.57
2022-05-02,E124,Team D,10,6.376660142527054,60.34,Documentation,High,0.52,0.24
2022-05-02,E125,Team A,2,6.217030046155433,61.9,Database Optimization,Medium,0.27,2.63
2022-05-02,E126,Team A,7,9.688073857130274,96.34,Documentation,Low,2.67,2.07
2022-05-02,E127,Team B,1,6.739859446638571,81.67,Code Review,Medium,1.96,1.06
2022-05-03,E123,Team C,1,9.042223270145724,80.57,Feature Development,Medium,2.06,1.84
2022-05-03,E124,Team B,6,7.414162269280705,97.32,Documentation,Medium,0.74,3.7
2022-05-03,E125,Team D,6,8.629427215680266,90.33,Bug Fix,Medium,2.61,2.2
2022-05-03,E126,Team A,7,9.473916717394076,99.49,Bug Fix,Medium,1.14,3.43
2022-05-03,E127,Team A,3,6.941677327520849,88.68,Code Review,Low,0.4,1.43
2022-05-04,E123,Team B,8,8.648260886974668,84.23,Deployment,Low,0.18,0.13
2022-05-04,E124,Team C,7,9.851984899653516,71.85,Documentation,High,1.58,3.52
2022-05-04,E125,Team A,6,9.432322635292461,84.67,Security Patching,Medium,2.72,0.35
2022-05-04,E126,Team B,7,9.072594135134084,78.52,Deployment,Low,2.77,1.82
2022-05-04,E127,Team A,1,6.789091398214509,81.97,System Maintenance,High,0.73,3.06
2022-05-05,E123,Team B,5,7.750797813434387,66.04,Security Patching,Low,0.37,1.71
2022-05-05,E124,Team A,3,6.6816287342753204,84.79,Code Review,Medium,2.24,3.18
2022-05-05,E125,Team A,4,9.902605995009479,64.98,User Support,High,2.22,2.9
2022-05-05,E126,Team C,6,9.031692108157229,86.77,Feature Development,Medium,0.64,2.65
2022-05-05,E127,Team B,6,6.536061390357266,93.15,Deployment,Medium,2.84,1.09
2022-05-06,E123,Team C,1,8.734126638081047,71.36,Code Review,Medium,1.36,3.88
2022-05-06,E124,Team A,6,7.451250625384862,75.01,Feature Development,Low,0.71,0.93
2022-05-06,E125,Team A,6,7.980537460293728,79.21,Bug Fix,Medium,0.02,2.39
2022-05-06,E126,Team B,8,7.786787852842728,99.94,Deployment,Low,1.24,1.4
2022-05-06,E127,Team D,6,9.671467566518471,86.33,Bug Fix,Low,1.1,1.63
2022-05-07,E123,Team A,8,7.576951076195053,68.81,Code Review,High,1.73,3.84
2022-05-07,E124,Team C,10,7.9377762220641745,71.42,Documentation,Medium,2.55,2.08
2022-05-07,E125,Team B,10,9.970264041933431,72.86,Feature Development,High,2.44,1.97
2022-05-07,E126,Team C,4,9.256869185379582,85.16,Security Patching,High,1.32,2.83
2022-05-07,E127,Team C,9,6.484603058854459,62.33,Bug Fix,High,1.06,1.17
2022-05-08,E123,Team D,5,7.761497981830512,98.23,Bug Fix,Low,1.74,1.69
2022-05-08,E124,Team D,1,7.997863286535125,62.63,Database Optimization,High,2.68,1.83
2022-05-08,E125,Team B,1,7.197430007486828,86.75,Code Review,Low,1.29,3.32
2022-05-08,E126,Team B,7,9.589935026362017,94.4,Database Optimization,Low,0.84,3.25
2022-05-08,E127,Team C,8,8.407655823137734,64.13,System Maintenance,Medium,0.18,1.42
2022-05-09,E123,Team C,4,7.31689438120144,70.96,Bug Fix,High,2.16,3.17
2022-05-09,E124,Team A,4,8.989902593720261,68.32,Documentation,Medium,2.16,2.77
2022-05-09,E125,Team D,5,7.55090713393417,89.62,User Support,Low,1.19,1.27
2022-05-09,E126,Team C,4,7.91014199247104,92.0,System Maintenance,Medium,0.64,2.47
2022-05-09,E127,Team D,10,9.619607308432963,63.96,Deployment,Low,0.78,2.78
2022-05-10,E123,Team C,2,6.81738132687762,90.68,Feature Development,Low,1.42,2.97
2022-05-10,E124,Team D,7,9.056694298912346,97.03,Code Review,Low,1.53,0.2
2022-05-10,E125,Team D,6,8.898084779544314,85.05,Code Review,Medium,2.25,0.45
2022-05-10,E126,Team C,7,6.201473080728422,80.52,Code Review,Low,1.67,2.97
2022-05-10,E127,Team D,3,8.799921629407997,92.16,Database Optimization,High,2.37,0.91
2022-05-11,E123,Team B,6,9.59036131400724,66.8,System Maintenance,Medium,1.64,0.6
2022-05-11,E124,Team A,9,6.314548060724914,76.15,Database Optimization,Low,0.53,2.12
2022-05-11,E125,Team C,9,9.786254823779021,78.02,User Support,Medium,1.59,3.75
2022-05-11,E126,Team D,8,8.2867896645195,75.96,Feature Development,Low,0.42,0.04
2022-05-11,E127,Team B,9,8.950999636477253,60.82,Bug Fix,Low,2.62,3.37
2022-05-12,E123,Team B,8,9.85439546152399,68.51,Security Patching,Low,2.12,2.26
2022-05-12,E124,Team C,7,7.914472905290335,88.61,User Support,Medium,0.48,1.3
2022-05-12,E125,Team D,7,7.205311033743278,84.42,System Maintenance,High,1.78,3.03
2022-05-12,E126,Team D,2,7.884565688177297,87.67,Feature Development,Low,0.86,0.06
2022-05-12,E127,Team D,6,8.856160374927214,78.52,Deployment,High,0.96,3.56
2022-05-13,E123,Team C,2,6.136936925616157,80.45,Documentation,Medium,0.52,1.5
2022-05-13,E124,Team C,1,9.647651205828783,94.69,Database Optimization,High,1.11,2.93
2022-05-13,E125,Team B,7,9.825427819068912,92.66,Deployment,Low,2.44,1.3
2022-05-13,E126,Team B,4,9.811443309240984,89.39,Deployment,High,1.27,0.86
2022-05-13,E127,Team D,4,6.982543653890728,93.57,System Maintenance,Medium,0.38,3.84
2022-05-14,E123,Team A,7,8.24382047943571,69.96,Database Optimization,Low,1.14,3.62
2022-05-14,E124,Team C,3,7.023749165487176,66.97,Security Patching,Low,0.8,1.07
2022-05-14,E125,Team C,7,8.02134219045756,95.49,Code Review,Medium,0.34,1.02
2022-05-14,E126,Team C,2,8.907536268534066,65.03,System Maintenance,Low,1.29,1.85
2022-05-14,E127,Team D,5,8.595182334811385,97.69,Database Optimization,High,1.96,1.33
2022-05-15,E123,Team B,1,6.358198337942502,66.94,Database Optimization,Low,2.57,0.26
2022-05-15,E124,Team A,4,8.580040622030703,63.66,Database Optimization,High,1.74,3.68
2022-05-15,E125,Team B,4,7.1719622725745005,87.77,System Maintenance,High,2.81,0.15
2022-05-15,E126,Team C,1,6.760132412515768,68.98,Deployment,Low,0.88,2.89
2022-05-15,E127,Team B,5,9.344363081216613,96.52,Documentation,Medium,0.11,3.14
2022-05-16,E123,Team B,7,7.042517257080469,96.99,Database Optimization,Low,0.18,1.62
2022-05-16,E124,Team A,1,8.12103924238811,89.13,Documentation,Low,2.21,3.54
2022-05-16,E125,Team D,7,6.92245713058681,60.34,Bug Fix,Low,0.94,3.94
2022-05-16,E126,Team D,4,7.708194308867315,66.33,Database Optimization,Medium,1.69,3.99
2022-05-16,E127,Team C,10,7.723622774857367,77.76,Feature Development,Low,0.83,2.27
2022-05-17,E123,Team C,3,8.107007556554946,62.3,Feature Development,Medium,1.02,1.06
2022-05-17,E124,Team D,3,6.665393493166092,60.71,Database Optimization,Low,2.15,1.79
2022-05-17,E125,Team D,9,7.161443689068804,65.5,Deployment,Low,0.72,1.99
2022-05-17,E126,Team B,7,9.471737790605658,92.7,User Support,High,0.44,1.31
2022-05-17,E127,Team D,3,7.8136880798668145,66.62,Bug Fix,High,0.12,0.95
2022-05-18,E123,Team B,9,6.785998316968217,68.05,System Maintenance,Low,2.01,2.6
2022-05-18,E124,Team C,7,7.5037859750811,82.45,Bug Fix,Low,2.89,0.61
2022-05-18,E125,Team D,8,9.663214669374657,80.76,Code Review,High,1.43,0.03
2022-05-18,E126,Team C,3,9.827731840379192,61.52,User Support,High,2.95,3.61
2022-05-18,E127,Team D,1,7.386515125382363,94.77,Code Review,Medium,0.27,0.66
2022-05-19,E123,Team B,3,7.535856260592208,79.11,Security Patching,High,1.22,0.9
2022-05-19,E124,Team B,2,8.358434209375492,96.23,User Support,Medium,2.55,1.42
2022-05-19,E125,Team B,7,6.1627446669859065,97.44,Code Review,Medium,2.94,2.34
2022-05-19,E126,Team C,5,7.484735088708551,99.84,Documentation,Medium,2.88,3.12
2022-05-19,E127,Team C,4,9.955314435306178,62.43,Deployment,Medium,0.24,0.84
2022-05-20,E123,Team D,9,9.309990624169151,61.1,Code Review,Low,0.96,2.34
2022-05-20,E124,Team A,9,8.728376219138557,85.87,Feature Development,Medium,0.84,0.28
2022-05-20,E125,Team D,4,9.757196087092261,93.52,Bug Fix,High,2.2,0.81
2022-05-20,E126,Team B,3,7.426783535037547,78.09,User Support,Medium,0.74,0.16
2022-05-20,E127,Team A,4,7.431214910883616,94.39,User Support,High,0.9,1.72
2022-05-21,E123,Team D,2,8.374673318386291,89.34,Testing,High,2.69,1.37
2022-05-21,E124,Team C,5,9.13466187362437,84.32,User Support,Medium,2.67,0.87
2022-05-21,E125,Team C,9,9.052951365424752,84.37,User Support,Medium,1.56,2.17
2022-05-21,E126,Team C,2,6.546718070358889,79.36,Bug Fix,Medium,1.3,0.12
2022-05-21,E127,Team C,10,6.477516116154437,92.13,System Maintenance,High,1.41,2.59
2022-05-22,E123,Team A,2,9.193899502055029,81.76,Testing,Medium,2.29,3.58
2022-05-22,E124,Team A,5,9.109550265050013,60.64,Security Patching,Medium,1.08,0.79
2022-05-22,E125,Team C,10,7.416182353896964,99.99,User Support,Medium,0.17,2.53
2022-05-22,E126,Team B,10,6.931644261252634,74.8,Documentation,Medium,0.9,2.18
2022-05-22,E127,Team B,5,6.406531982793661,88.07,System Maintenance,High,1.59,1.31
2022-05-23,E123,Team B,3,6.299187667464067,86.54,User Support,Low,2.88,3.85
2022-05-23,E124,Team C,8,8.468112891416686,82.83,Security Patching,High,1.7,3.32
2022-05-23,E125,Team A,4,8.33585859635546,96.01,Code Review,Low,0.22,3.21
2022-05-23,E126,Team A,7,9.803541629121977,89.57,Documentation,Low,1.44,0.58
2022-05-23,E127,Team A,9,6.893991787198615,81.81,System Maintenance,Medium,0.87,1.06
2022-05-24,E123,Team D,4,9.589733097571855,92.08,Testing,High,1.27,0.63
2022-05-24,E124,Team D,6,6.02825838608167,78.05,System Maintenance,Medium,1.62,2.17
2022-05-24,E125,Team B,3,9.81663329191852,69.86,Testing,High,1.98,3.75
2022-05-24,E126,Team D,10,7.581152929519341,66.69,User Support,Low,2.11,0.72
2022-05-24,E127,Team C,2,6.544353390844325,93.73,Database Optimization,Low,1.3,0.34
2022-05-25,E123,Team B,7,9.899628206529655,97.09,Testing,Medium,1.56,1.93
2022-05-25,E124,Team C,2,9.281331051280905,76.62,Testing,Medium,0.17,1.08
2022-05-25,E125,Team B,4,8.652167358899234,99.15,System Maintenance,Low,2.19,1.26
2022-05-25,E126,Team B,10,9.866653285701101,69.62,Testing,Low,0.96,0.41
2022-05-25,E127,Team A,8,6.321864642975505,72.12,Security Patching,Low,2.32,3.22
2022-05-26,E123,Team D,3,9.24943591290209,92.51,Code Review,Low,1.17,3.19
2022-05-26,E124,Team B,1,9.458124335889519,95.75,Database Optimization,Medium,1.87,0.73
2022-05-26,E125,Team B,9,7.635470353015692,72.62,Deployment,Medium,0.11,3.96
2022-05-26,E126,Team A,2,7.88587102062449,87.91,Security Patching,High,1.86,0.09
2022-05-26,E127,Team C,4,9.171267661023828,76.24,Testing,Low,1.76,1.89
2022-05-27,E123,Team C,3,7.636276949593007,78.21,User Support,Low,2.54,2.83
2022-05-27,E124,Team C,1,8.446643392325328,92.91,Security Patching,High,2.68,1.43
2022-05-27,E125,Team D,2,9.553136974683023,72.93,Documentation,High,1.58,3.99
2022-05-27,E126,Team C,9,8.238530528854465,95.28,Code Review,Medium,2.53,0.77
2022-05-27,E127,Team B,9,7.498797887179453,95.83,Database Optimization,High,2.41,0.86
2022-05-28,E123,Team D,8,6.296837478590875,98.67,Code Review,Medium,2.2,1.64
2022-05-28,E124,Team D,4,9.597923616180685,62.5,Code Review,Medium,2.2,3.07
2022-05-28,E125,Team B,6,6.23424054395597,93.88,Deployment,High,0.53,1.38
2022-05-28,E126,Team B,2,8.359957924813678,84.29,Testing,Low,0.53,1.88
2022-05-28,E127,Team C,1,9.062279932407057,80.0,Code Review,High,0.18,3.34
2022-05-29,E123,Team B,8,7.878169462460934,62.26,Bug Fix,Low,0.96,3.77
2022-05-29,E124,Team D,4,9.053007471971092,92.24,Bug Fix,High,0.1,3.04
2022-05-29,E125,Team C,8,7.6271030357533505,67.29,Code Review,High,1.99,0.6
2022-05-29,E126,Team C,3,7.321990585601078,67.45,Testing,Low,1.86,1.67
2022-05-29,E127,Team A,9,9.64957932122783,70.4,Bug Fix,High,1.38,2.44
2022-05-30,E123,Team A,6,7.380968822917131,65.52,Database Optimization,High,1.61,0.82
2022-05-30,E124,Team A,1,7.842678540808253,61.21,User Support,High,2.57,2.84
2022-05-30,E125,Team A,9,8.163928084211257,83.83,Documentation,Low,1.3,2.05
2022-05-30,E126,Team A,3,9.04118600531438,96.53,Database Optimization,Medium,1.01,3.21
2022-05-30,E127,Team B,1,9.081721522837894,65.35,Database Optimization,High,2.13,3.57
2022-05-31,E123,Team C,8,8.622071665518956,63.8,Bug Fix,High,1.98,2.68
2022-05-31,E124,Team C,2,7.577376126557063,82.44,System Maintenance,Medium,2.65,2.52
2022-05-31,E125,Team B,4,7.538405390659897,84.27,Testing,Medium,0.64,1.74
2022-05-31,E126,Team A,8,8.889087348011724,80.44,Deployment,Low,2.26,0.63
2022-05-31,E127,Team A,3,6.211269843047598,63.44,Security Patching,High,1.82,0.32
2022-06-01,E123,Team A,6,6.675505330585262,82.25,System Maintenance,High,1.14,0.76
2022-06-01,E124,Team A,1,9.164173441142617,90.83,Code Review,Medium,0.76,1.11
2022-06-01,E125,Team A,7,7.641577913977075,74.91,Bug Fix,Low,0.87,1.64
2022-06-01,E126,Team B,10,9.063106734079145,89.49,Documentation,Low,1.43,2.6
2022-06-01,E127,Team D,9,6.377204110094608,99.31,Deployment,Low,2.0,0.13
2022-06-02,E123,Team B,9,6.905723354494028,68.67,Bug Fix,High,1.2,1.49
2022-06-02,E124,Team C,10,7.896647359028071,94.23,User Support,Medium,0.81,0.88
2022-06-02,E125,Team C,5,9.062133870945082,60.47,User Support,Medium,0.09,2.34
2022-06-02,E126,Team D,1,8.348705786138877,74.13,Database Optimization,Medium,1.56,2.49
2022-06-02,E127,Team A,1,8.584861014640516,83.76,Testing,Medium,2.63,0.98
2022-06-03,E123,Team B,3,9.282722627080886,99.54,Security Patching,Medium,0.8,1.24
2022-06-03,E124,Team D,6,9.639041323923326,79.82,User Support,High,2.31,2.52
2022-06-03,E125,Team A,5,9.788298384984602,89.86,Feature Development,High,0.04,2.34
2022-06-03,E126,Team D,3,9.137999219462085,77.69,Testing,High,2.67,1.19
2022-06-03,E127,Team B,1,9.66904047856881,63.49,Code Review,High,0.92,2.54
2022-06-04,E123,Team B,1,8.146538646113614,95.47,Database Optimization,Medium,1.44,3.37
2022-06-04,E124,Team B,9,9.200285808965809,95.95,User Support,Low,2.96,2.45
2022-06-04,E125,Team D,7,7.97852785829835,75.03,Feature Development,High,2.11,2.46
2022-06-04,E126,Team A,4,9.548893493484766,71.26,Database Optimization,High,1.54,3.83
2022-06-04,E127,Team D,2,6.163789827766674,78.05,Testing,Low,2.04,0.52
2022-06-05,E123,Team D,5,7.614957294728821,88.68,Code Review,High,2.26,1.69
2022-06-05,E124,Team A,1,7.55697915455422,74.73,Code Review,Low,2.42,2.13
2022-06-05,E125,Team B,1,8.561537118314096,87.25,Code Review,High,0.39,3.65
2022-06-05,E126,Team D,9,8.481529064936101,70.96,Feature Development,Medium,1.95,3.14
2022-06-05,E127,Team B,9,6.60646780369962,76.76,Database Optimization,Medium,1.19,3.17
2022-06-06,E123,Team A,8,7.252909067584721,82.73,Feature Development,Medium,2.14,0.83
2022-06-06,E124,Team B,4,8.312672781258932,98.15,Security Patching,Medium,1.84,1.4
2022-06-06,E125,Team A,7,6.672257061932708,94.86,Documentation,Medium,0.52,2.67
2022-06-06,E126,Team A,4,6.910529992092334,90.08,Bug Fix,Low,0.66,1.42
2022-06-06,E127,Team A,4,9.853276757626537,81.76,User Support,Low,0.59,2.48
2022-06-07,E123,Team A,4,6.712379077607345,94.81,Testing,High,0.93,1.57
2022-06-07,E124,Team A,1,6.456903513407816,71.01,Bug Fix,Low,2.98,1.68
2022-06-07,E125,Team B,9,7.174983150834206,72.63,Code Review,Medium,1.68,3.27
2022-06-07,E126,Team B,9,7.393479777044211,98.07,User Support,Low,0.05,1.08
2022-06-07,E127,Team D,8,8.611501666115213,63.99,Deployment,High,2.23,2.34
2022-06-08,E123,Team D,3,6.745539073173062,90.94,Bug Fix,High,1.29,3.57
2022-06-08,E124,Team A,6,8.06514461385461,81.45,Bug Fix,Low,0.02,0.47
2022-06-08,E125,Team B,7,6.400200310490946,74.23,Code Review,Medium,1.47,0.31
2022-06-08,E126,Team B,1,7.38956491449303,84.06,Testing,Low,2.43,0.83
2022-06-08,E127,Team D,2,6.645204059691467,76.53,Feature Development,Low,2.87,1.27
2022-06-09,E123,Team D,2,8.166151318360757,74.56,Security Patching,High,2.34,1.74
2022-06-09,E124,Team D,4,8.04413705547341,78.53,System Maintenance,Medium,2.97,0.21
2022-06-09,E125,Team B,2,8.825846337306235,60.85,Deployment,Low,2.22,1.67
2022-06-09,E126,Team B,4,9.664070209676346,75.33,Feature Development,Medium,2.88,0.47
2022-06-09,E127,Team B,6,8.531858119134498,98.77,User Support,Low,1.96,0.91
2022-06-10,E123,Team B,3,7.934252529130122,65.48,Database Optimization,High,0.75,3.32
2022-06-10,E124,Team A,5,6.0102216218000635,72.01,Code Review,Low,1.16,2.83
2022-06-10,E125,Team A,1,9.747722943272324,75.31,User Support,Low,2.54,1.54
2022-06-10,E126,Team C,2,8.928513678192493,99.85,User Support,Low,1.89,1.13
2022-06-10,E127,Team D,4,9.082693602456374,93.4,Deployment,High,2.13,0.01
2022-06-11,E123,Team A,3,8.074390050096433,74.85,Bug Fix,High,0.36,3.8
2022-06-11,E124,Team A,8,9.233282061492996,85.73,User Support,Medium,2.03,0.72
2022-06-11,E125,Team C,7,8.998832261851797,81.93,System Maintenance,Medium,0.28,1.58
2022-06-11,E126,Team A,7,7.927361943215601,100.0,Code Review,Low,2.47,0.94
2022-06-11,E127,Team D,7,9.514697343620973,84.78,Testing,Medium,1.99,0.52
2022-06-12,E123,Team A,9,9.72206672468479,83.23,Feature Development,High,0.11,1.23
2022-06-12,E124,Team C,6,9.71061089129716,91.19,Testing,Low,2.87,0.07
2022-06-12,E125,Team A,9,8.253784147148739,90.53,System Maintenance,Low,1.12,2.99
2022-06-12,E126,Team A,9,7.989752512860913,94.84,Code Review,Medium,0.63,0.09
2022-06-12,E127,Team B,4,8.011464781402744,67.65,Bug Fix,Medium,0.52,2.88
2022-06-13,E123,Team B,4,7.348095930268961,66.51,Code Review,Medium,2.42,1.05
2022-06-13,E124,Team D,10,7.409975623917547,70.14,Security Patching,Low,1.66,2.2
2022-06-13,E125,Team C,2,8.823809277590357,87.42,Testing,Low,0.75,2.88
2022-06-13,E126,Team D,7,7.83400507061945,60.11,Feature Development,Medium,0.26,0.62
2022-06-13,E127,Team A,8,6.442117066754243,84.76,Database Optimization,Medium,1.93,1.51
2022-06-14,E123,Team A,10,8.240932557383648,70.33,Testing,Low,1.96,1.1
2022-06-14,E124,Team D,9,8.33664875506256,60.13,Documentation,Medium,2.52,3.41
2022-06-14,E125,Team A,1,6.532385791369473,61.14,User Support,Medium,0.97,3.5
2022-06-14,E126,Team D,5,7.852462945525938,99.64,Testing,High,1.9,1.01
2022-06-14,E127,Team C,4,9.55677480656631,64.05,Documentation,Low,1.63,1.51
2022-06-15,E123,Team A,10,8.26128631022142,82.46,Feature Development,Medium,1.41,2.03
2022-06-15,E124,Team C,9,9.899489159339783,71.68,User Support,Low,0.06,0.39
2022-06-15,E125,Team C,3,7.061936953418325,98.39,Security Patching,High,2.54,1.73
2022-06-15,E126,Team B,10,6.7631414553630815,69.01,System Maintenance,Medium,0.16,2.44
2022-06-15,E127,Team A,1,8.03038558104331,69.08,Bug Fix,Low,2.47,0.14
2022-06-16,E123,Team A,9,9.192699147660631,96.78,System Maintenance,Low,1.45,1.59
2022-06-16,E124,Team B,7,8.137114643134169,88.22,Code Review,High,1.04,3.65
2022-06-16,E125,Team B,7,8.185367740998533,92.14,User Support,Medium,1.13,3.52
2022-06-16,E126,Team A,7,6.111220407791523,66.7,Security Patching,Medium,1.54,1.53
2022-06-16,E127,Team D,4,7.354807509854936,65.03,Database Optimization,Low,0.07,0.81
2022-06-17,E123,Team A,5,9.554272346954368,60.28,Deployment,Low,2.32,0.13
2022-06-17,E124,Team C,7,7.0401507543971755,68.78,Code Review,Low,2.08,3.6
2022-06-17,E125,Team D,5,7.812465723631091,90.27,Code Review,Medium,2.47,3.81
2022-06-17,E126,Team C,2,8.140236545012096,76.75,Documentation,Low,2.55,3.78
2022-06-17,E127,Team C,4,8.153518011938683,97.65,Deployment,Medium,2.38,2.27
2022-06-18,E123,Team D,9,6.759377110961487,78.4,Bug Fix,Medium,2.54,1.33
2022-06-18,E124,Team B,10,8.015668396736409,86.7,Deployment,High,2.53,2.5
2022-06-18,E125,Team A,7,8.43552327512808,63.87,Feature Development,High,2.86,2.43
2022-06-18,E126,Team B,2,7.132551356009046,84.78,Database Optimization,High,0.61,0.36
2022-06-18,E127,Team B,3,7.11052358393108,62.12,Security Patching,Medium,0.59,1.03
2022-06-19,E123,Team B,10,9.719540758021347,79.54,Testing,Low,2.49,2.49
2022-06-19,E124,Team B,2,6.742891852434809,84.23,Documentation,Low,2.01,3.62
2022-06-19,E125,Team A,2,7.039894068710327,77.5,Security Patching,Low,1.39,1.14
2022-06-19,E126,Team C,7,9.62925029132226,90.94,Security Patching,High,0.19,0.39
2022-06-19,E127,Team C,6,7.63297376395775,67.19,Feature Development,Medium,1.75,2.39
2022-06-20,E123,Team C,8,8.231770921047247,69.36,Feature Development,High,0.64,0.76
2022-06-20,E124,Team D,2,7.85162226027292,74.33,Deployment,Low,0.49,0.21
2022-06-20,E125,Team D,10,8.828351544409557,63.45,User Support,Medium,2.02,3.66
2022-06-20,E126,Team D,6,6.260546810574768,95.52,System Maintenance,High,2.48,3.15
2022-06-20,E127,Team C,7,8.119695515641213,86.73,System Maintenance,Low,1.79,2.22
2022-06-21,E123,Team B,2,6.9536699796342045,71.13,Security Patching,Low,1.34,3.75
2022-06-21,E124,Team D,9,7.53037707108037,76.45,System Maintenance,Low,0.11,0.67
2022-06-21,E125,Team D,2,7.697175488287814,94.78,Bug Fix,High,1.44,3.12
2022-06-21,E126,Team C,10,6.916607002733112,80.83,Testing,Medium,1.72,1.44
2022-06-21,E127,Team B,5,6.118667473158923,79.55,Feature Development,Medium,2.16,0.54
2022-06-22,E123,Team A,4,7.047838358233339,87.53,Code Review,Medium,2.31,2.03
2022-06-22,E124,Team C,10,6.575453485545726,83.05,Code Review,Low,2.17,3.67
2022-06-22,E125,Team C,7,8.386426280852735,89.63,Deployment,Low,0.62,1.44
2022-06-22,E126,Team A,3,6.1940119849112385,96.07,Security Patching,Low,2.34,1.55
2022-06-22,E127,Team A,4,6.6297066331417485,84.37,Security Patching,High,2.18,2.99
2022-06-23,E123,Team A,6,6.122504808178762,94.47,Bug Fix,Low,0.11,0.45
2022-06-23,E124,Team A,1,7.095115252235317,96.95,Security Patching,High,0.49,2.52
2022-06-23,E125,Team D,5,8.406504889351279,75.85,System Maintenance,Low,0.52,1.38
2022-06-23,E126,Team A,9,8.709138279314026,61.32,Bug Fix,High,0.59,2.44
2022-06-23,E127,Team B,9,7.69890151875517,96.34,Deployment,Medium,2.3,0.79
2022-06-24,E123,Team A,8,8.966423593388562,73.61,Deployment,Medium,0.76,1.5
2022-06-24,E124,Team C,7,9.113783303284784,69.65,Code Review,Medium,2.22,3.89
2022-06-24,E125,Team C,1,7.31063999472718,94.27,Testing,High,2.03,1.33
2022-06-24,E126,Team A,4,6.164894564895352,76.24,Security Patching,Medium,0.84,3.88
2022-06-24,E127,Team A,9,8.745664123859498,85.3,Documentation,Low,1.93,2.46
2022-06-25,E123,Team B,9,7.9289267462009265,74.84,Testing,Low,2.06,3.6
2022-06-25,E124,Team C,3,9.419479114335383,85.01,User Support,Medium,0.48,1.18
2022-06-25,E125,Team A,7,7.160166564267296,61.36,Deployment,High,1.6,1.21
2022-06-25,E126,Team B,4,6.746683105344465,61.39,Testing,Medium,1.85,2.14
2022-06-25,E127,Team D,5,6.668202492203484,73.06,Deployment,Low,1.08,0.85
2022-06-26,E123,Team B,3,8.586031562764656,73.79,Code Review,Low,0.34,3.39
2022-06-26,E124,Team A,9,9.01893326065173,72.34,System Maintenance,High,1.94,0.65
2022-06-26,E125,Team B,8,8.875093496513118,76.19,Documentation,High,1.83,2.34
2022-06-26,E126,Team C,2,8.800697596732672,65.29,Testing,High,1.31,2.41
2022-06-26,E127,Team A,1,8.89782659192675,85.3,Testing,Low,2.83,2.95
2022-06-27,E123,Team A,4,8.159542310290098,98.06,Database Optimization,Low,1.01,2.48
2022-06-27,E124,Team C,5,9.989659254156777,60.94,Deployment,High,2.4,0.44
2022-06-27,E125,Team D,4,8.880124895236577,84.25,System Maintenance,High,2.79,0.04
2022-06-27,E126,Team B,9,6.327679701846695,68.42,Security Patching,Low,2.9,1.35
2022-06-27,E127,Team C,1,7.501469649847683,64.52,Security Patching,Medium,0.36,1.87
2022-06-28,E123,Team C,3,8.065253612625774,89.05,System Maintenance,Low,1.44,0.92
2022-06-28,E124,Team C,10,6.773494178020256,69.22,Security Patching,High,1.36,3.51
2022-06-28,E125,Team B,8,6.31597698198302,65.43,Feature Development,High,0.39,0.4
2022-06-28,E126,Team B,3,8.887308239041355,67.98,User Support,High,1.51,0.83
2022-06-28,E127,Team C,8,8.466624036946166,75.34,Deployment,Medium,2.64,2.2
2022-06-29,E123,Team B,6,9.36792912131274,84.31,Code Review,Medium,2.8,3.55
2022-06-29,E124,Team C,2,7.60375860614036,82.86,Code Review,Medium,0.73,1.89
2022-06-29,E125,Team B,5,9.576310871870445,60.8,Code Review,Low,0.4,3.48
2022-06-29,E126,Team C,9,7.570133233064009,69.22,System Maintenance,High,2.03,3.48
2022-06-29,E127,Team A,2,7.868728008666903,94.83,Bug Fix,Low,1.93,0.22
2022-06-30,E123,Team D,9,8.797455358122328,83.56,Bug Fix,Low,1.44,1.54
2022-06-30,E124,Team B,9,7.508438050433759,60.93,Bug Fix,Low,1.56,3.11
2022-06-30,E125,Team D,5,7.784237301010766,60.46,Testing,Low,0.81,3.5
2022-06-30,E126,Team C,7,7.901916886478649,81.85,Deployment,Medium,0.06,0.06
2022-06-30,E127,Team A,7,6.21417856034015,81.12,Security Patching,Medium,2.68,1.25
2022-07-01,E123,Team B,10,6.702653859597834,74.56,Database Optimization,Medium,0.02,1.21
2022-07-01,E124,Team B,6,6.024302185615011,68.59,Security Patching,High,0.56,1.37
2022-07-01,E125,Team C,7,7.1949853811047095,60.65,Feature Development,Medium,0.91,2.59
2022-07-01,E126,Team A,7,9.640398720669548,78.29,Feature Development,Medium,0.27,3.24
2022-07-01,E127,Team C,4,9.787212257582045,97.48,Deployment,High,0.19,0.33
2022-07-02,E123,Team D,7,8.524934064393006,67.39,User Support,High,0.51,3.5
2022-07-02,E124,Team D,1,8.438480060146098,77.74,Deployment,Low,0.14,3.63
2022-07-02,E125,Team C,4,6.386441964257028,88.68,System Maintenance,Low,0.15,0.78
2022-07-02,E126,Team A,6,6.233217406484035,71.06,Database Optimization,Medium,2.51,1.77
2022-07-02,E127,Team D,3,8.35482387413264,92.97,Feature Development,Low,2.67,2.08
2022-07-03,E123,Team D,7,7.3057649682039685,62.88,Security Patching,High,0.39,0.38
2022-07-03,E124,Team D,5,7.319716393102228,65.72,Database Optimization,High,1.26,3.72
2022-07-03,E125,Team C,7,9.777613794116357,78.98,Feature Development,Low,2.33,1.39
2022-07-03,E126,Team D,10,9.767925558303563,86.82,Feature Development,Low,1.87,3.15
2022-07-03,E127,Team A,4,7.141257457952288,69.06,Feature Development,High,1.78,3.61
2022-07-04,E123,Team C,5,7.361221524530071,64.05,Deployment,Medium,0.06,0.32
2022-07-04,E124,Team A,6,9.230459861499984,67.25,System Maintenance,Medium,0.96,3.18
2022-07-04,E125,Team B,9,8.791291756103625,79.2,Deployment,Medium,2.74,0.34
2022-07-04,E126,Team C,6,7.507912908000856,94.38,Database Optimization,Low,0.09,0.29
2022-07-04,E127,Team B,5,6.688740095479515,92.95,Documentation,Low,2.57,2.04
2022-07-05,E123,Team C,5,9.257698460328918,90.16,Documentation,Low,0.69,0.41
2022-07-05,E124,Team B,5,7.127372626547967,80.92,Database Optimization,Low,0.15,0.41
2022-07-05,E125,Team C,1,9.996818393667775,61.92,Testing,Low,2.08,2.56
2022-07-05,E126,Team D,5,8.138303487261124,77.01,User Support,High,1.31,0.02
2022-07-05,E127,Team D,1,7.375620452876101,97.43,Code Review,Medium,1.0,0.51
2022-07-06,E123,Team D,1,8.581167615028175,83.8,Database Optimization,Low,0.99,3.66
2022-07-06,E124,Team C,8,9.11059772076225,91.13,User Support,Medium,1.47,3.99
2022-07-06,E125,Team C,6,7.411170203889556,98.42,System Maintenance,Medium,0.04,0.9
2022-07-06,E126,Team B,7,7.207158552561031,99.64,User Support,High,1.95,3.56
2022-07-06,E127,Team A,6,6.762687088157793,83.73,Testing,High,0.89,3.91
2022-07-07,E123,Team A,6,8.783041381469655,84.54,Deployment,High,2.31,0.22
2022-07-07,E124,Team C,2,8.452771140467403,60.61,Bug Fix,High,1.25,0.98
2022-07-07,E125,Team A,8,6.544396863999845,87.39,System Maintenance,High,0.45,1.09
2022-07-07,E126,Team B,7,7.565772622531382,66.68,Database Optimization,Low,2.37,2.86
2022-07-07,E127,Team C,7,7.270541007097455,92.9,Security Patching,Medium,1.35,3.72
2022-07-08,E123,Team B,4,6.060271041181966,76.49,Code Review,High,0.42,2.47
2022-07-08,E124,Team D,9,6.0686819734614215,70.52,Testing,Low,2.68,1.0
2022-07-08,E125,Team A,5,8.40915881186288,67.38,Database Optimization,Low,0.76,2.66
2022-07-08,E126,Team B,6,6.692287738620074,71.16,Documentation,Medium,1.58,2.86
2022-07-08,E127,Team D,5,7.828254371255227,89.07,Database Optimization,High,0.14,3.86
2022-07-09,E123,Team A,8,9.126941266211388,96.69,Database Optimization,High,0.66,1.6
2022-07-09,E124,Team B,8,8.328758218368751,77.57,Feature Development,Medium,0.77,1.54
2022-07-09,E125,Team C,8,8.180089101167063,66.28,User Support,Medium,1.88,1.97
2022-07-09,E126,Team D,9,8.094596442114224,81.92,Deployment,Low,0.01,2.59
2022-07-09,E127,Team C,4,6.603809623754809,79.52,Database Optimization,Low,2.05,3.13
2022-07-10,E123,Team D,4,9.94905178850026,82.17,Deployment,Low,0.87,3.99
2022-07-10,E124,Team B,10,8.884023002718855,92.48,Documentation,High,0.28,3.0
2022-07-10,E125,Team A,7,8.9630398835281,89.68,Documentation,High,1.58,1.94
2022-07-10,E126,Team A,10,6.197304203983702,68.33,Deployment,Medium,1.92,1.75
2022-07-10,E127,Team B,1,8.223365311114085,95.86,Database Optimization,Low,1.56,3.98
2022-07-11,E123,Team C,6,7.465763493839031,95.26,Bug Fix,High,0.8,1.75
2022-07-11,E124,Team A,4,9.506375176369565,64.09,System Maintenance,Low,0.9,0.22
2022-07-11,E125,Team A,8,9.065484034916679,81.52,System Maintenance,High,0.13,1.39
2022-07-11,E126,Team D,2,7.392431459372778,93.67,Documentation,Medium,1.82,1.29
2022-07-11,E127,Team C,2,8.002718994459723,96.48,System Maintenance,Medium,1.74,0.48
2022-07-12,E123,Team D,7,9.031443365536141,62.46,Testing,High,0.84,3.59
2022-07-12,E124,Team B,1,8.78592831467526,91.78,User Support,Low,0.08,1.5
2022-07-12,E125,Team D,8,8.409379858110512,91.77,Documentation,Low,2.65,2.09
2022-07-12,E126,Team B,5,7.66012716184896,97.71,Code Review,High,2.22,0.42
2022-07-12,E127,Team B,5,7.0603978312633515,97.84,System Maintenance,Medium,2.9,3.03
2022-07-13,E123,Team B,9,9.248405837200472,90.41,Testing,High,0.62,1.15
2022-07-13,E124,Team D,2,9.76532290183235,70.9,System Maintenance,High,1.1,2.87
2022-07-13,E125,Team D,9,8.42286323125235,71.33,Testing,Medium,0.04,2.27
2022-07-13,E126,Team D,8,7.90612393478964,72.0,Database Optimization,Low,0.02,3.96
2022-07-13,E127,Team C,7,9.752292491061965,92.0,Documentation,Low,2.21,1.52
2022-07-14,E123,Team B,4,7.820853548221551,77.37,System Maintenance,Low,2.88,3.13
2022-07-14,E124,Team C,1,9.76013736146628,80.42,Deployment,High,2.74,2.87
2022-07-14,E125,Team B,9,9.545715173771068,92.79,System Maintenance,Low,0.52,0.39
2022-07-14,E126,Team A,1,7.2102499847402495,72.0,Code Review,Low,0.79,1.52
2022-07-14,E127,Team C,6,7.045746760832666,69.97,Bug Fix,Low,0.74,2.67
2022-07-15,E123,Team D,6,7.313807247163661,93.92,Bug Fix,Medium,2.14,0.65
2022-07-15,E124,Team A,8,7.805079261592564,77.13,Code Review,Low,0.22,3.42
2022-07-15,E125,Team D,8,6.6388534723636194,65.98,Deployment,High,2.41,2.95
2022-07-15,E126,Team A,5,9.42115525906416,81.82,Documentation,High,1.95,0.3
2022-07-15,E127,Team D,9,6.906741993953778,79.7,Code Review,Medium,2.03,0.91
2022-07-16,E123,Team C,4,6.026858969764096,91.84,Documentation,High,2.94,3.74
2022-07-16,E124,Team C,10,8.97060760387986,91.5,Testing,Low,1.28,1.78
2022-07-16,E125,Team B,7,7.701662474990719,74.55,Security Patching,High,1.47,2.29
2022-07-16,E126,Team B,4,6.067174154106811,94.25,Documentation,Low,1.6,1.82
2022-07-16,E127,Team A,7,7.3718158336313095,62.38,Bug Fix,High,2.58,1.79
2022-07-17,E123,Team C,5,7.009860372254398,69.7,System Maintenance,High,1.27,3.06
2022-07-17,E124,Team A,1,8.262197901932618,76.67,System Maintenance,Medium,0.36,1.55
2022-07-17,E125,Team D,8,7.311397282148636,61.96,Documentation,Medium,2.77,2.86
2022-07-17,E126,Team A,4,6.391429819121602,81.96,Security Patching,High,2.33,3.17
2022-07-17,E127,Team C,4,7.903664982777091,93.81,System Maintenance,Low,0.88,3.01
2022-07-18,E123,Team B,9,6.692770140164212,86.96,Database Optimization,Medium,2.76,2.1
2022-07-18,E124,Team D,1,6.889981442474071,60.27,Database Optimization,Medium,0.66,1.87
2022-07-18,E125,Team B,10,7.593176508091978,71.53,Feature Development,Low,0.68,3.02
2022-07-18,E126,Team B,6,6.760357992321273,88.88,User Support,Low,2.42,3.49
2022-07-18,E127,Team A,9,6.958683952636157,60.76,Bug Fix,Low,1.03,2.53
2022-07-19,E123,Team D,8,7.672279028917719,63.84,Testing,Medium,2.38,1.64
2022-07-19,E124,Team A,2,6.437753686083392,90.4,Security Patching,Low,0.13,1.85
2022-07-19,E125,Team B,10,6.326109445510916,93.03,Testing,Low,1.85,1.34
2022-07-19,E126,Team B,5,7.653330930888334,79.95,Documentation,Low,1.52,3.98
2022-07-19,E127,Team B,5,9.391475489148593,73.66,Testing,High,2.0,0.07
2022-07-20,E123,Team B,10,7.146584318913991,66.67,Testing,Medium,0.06,1.23
2022-07-20,E124,Team A,1,8.716307428968475,84.98,User Support,Low,0.32,3.43
2022-07-20,E125,Team C,9,6.6582875168837035,66.66,Security Patching,Medium,2.69,1.32
2022-07-20,E126,Team D,10,7.357402605293014,94.44,Database Optimization,Low,1.98,1.94
2022-07-20,E127,Team B,4,6.769976320170473,90.55,Code Review,Low,0.69,2.28
2022-07-21,E123,Team B,8,7.969656643466987,96.22,Code Review,Medium,2.04,0.41
2022-07-21,E124,Team A,7,8.165118138976984,93.78,Feature Development,Medium,2.06,0.84
2022-07-21,E125,Team A,1,9.930030786321229,60.38,Database Optimization,Medium,0.48,2.42
2022-07-21,E126,Team A,8,8.196103577441678,78.84,Code Review,High,1.27,2.67
2022-07-21,E127,Team D,2,6.463313848612388,86.66,Database Optimization,High,1.96,3.94
2022-07-22,E123,Team D,3,8.493417697806711,95.99,System Maintenance,High,0.56,0.57
2022-07-22,E124,Team D,3,6.0633130883243584,68.29,Feature Development,Low,1.73,3.74
2022-07-22,E125,Team B,5,8.487144270869432,70.96,User Support,Low,0.5,2.18
2022-07-22,E126,Team A,7,6.548611382910577,74.46,System Maintenance,High,2.93,0.27
2022-07-22,E127,Team A,2,9.468672860050162,85.52,User Support,Low,1.43,0.33
2022-07-23,E123,Team D,2,9.406273554006177,98.16,Security Patching,Medium,1.96,3.89
2022-07-23,E124,Team B,2,7.140352488650867,70.21,Testing,Medium,1.46,0.7
2022-07-23,E125,Team B,8,9.756264087551314,61.07,Documentation,High,1.65,3.63
2022-07-23,E126,Team A,4,9.088641240936768,89.01,Documentation,High,1.72,3.92
2022-07-23,E127,Team D,8,6.910414124972636,79.23,Feature Development,Low,0.07,0.74
2022-07-24,E123,Team D,8,8.992603844432892,68.45,Database Optimization,Low,2.62,0.6
2022-07-24,E124,Team D,1,6.500743331404834,93.43,Feature Development,Medium,2.61,3.32
2022-07-24,E125,Team C,3,7.961197982361295,77.04,Code Review,Medium,0.38,0.35
2022-07-24,E126,Team B,5,9.747456732358605,83.48,Testing,Medium,2.14,3.7
2022-07-24,E127,Team B,9,7.77180083829667,95.29,System Maintenance,Medium,1.84,0.19
2022-07-25,E123,Team C,9,8.372451508770107,90.49,Testing,Medium,2.75,3.21
2022-07-25,E124,Team C,9,9.197885329290202,94.54,User Support,High,0.11,3.99
2022-07-25,E125,Team A,3,7.974472911742572,95.15,User Support,High,1.69,2.85
2022-07-25,E126,Team C,4,7.211889256590133,60.89,Testing,Medium,0.31,3.15
2022-07-25,E127,Team B,7,8.049782979488096,65.87,User Support,Low,1.0,2.13
2022-07-26,E123,Team C,4,9.435599455266363,65.82,Documentation,High,0.0,0.38
2022-07-26,E124,Team B,3,9.467322910341057,79.84,Feature Development,Medium,0.15,0.96
2022-07-26,E125,Team D,10,6.8446954858914815,95.16,Deployment,Medium,0.79,0.39
2022-07-26,E126,Team C,1,8.388735999161128,91.06,System Maintenance,Low,1.05,1.01
2022-07-26,E127,Team C,7,8.230920095223695,98.49,Bug Fix,Low,1.31,2.8
2022-07-27,E123,Team B,6,8.836056228756059,63.69,Code Review,High,0.34,2.39
2022-07-27,E124,Team D,9,8.803261822715257,85.97,Security Patching,Low,0.31,3.49
2022-07-27,E125,Team C,4,6.940995886020114,69.32,System Maintenance,High,1.36,1.27
2022-07-27,E126,Team B,1,7.3067769792873625,92.07,Bug Fix,Medium,1.45,3.23
2022-07-27,E127,Team B,2,9.767974747678666,74.44,Documentation,Low,2.48,2.83
2022-07-28,E123,Team D,4,7.214289878393506,80.54,Security Patching,Medium,0.96,3.13
2022-07-28,E124,Team C,7,8.372818283515668,78.42,User Support,Low,2.58,0.69
2022-07-28,E125,Team C,10,9.349164699079939,78.17,Bug Fix,Low,2.92,2.13
2022-07-28,E126,Team D,7,9.348193671997745,80.59,Deployment,Medium,2.64,2.7
2022-07-28,E127,Team C,3,9.673271433954394,64.82,Code Review,Medium,2.7,2.1
2022-07-29,E123,Team C,3,7.862895044352626,99.81,Code Review,Low,0.8,3.65
2022-07-29,E124,Team D,5,8.363816535841003,79.94,Testing,Low,0.61,3.99
2022-07-29,E125,Team A,6,6.984214487299691,63.37,Bug Fix,High,1.21,2.44
2022-07-29,E126,Team C,1,7.071280671819232,89.3,Code Review,Medium,0.66,1.93
2022-07-29,E127,Team D,10,8.93146699190411,74.83,Bug Fix,Medium,2.31,1.22
2022-07-30,E123,Team D,8,6.869416467470899,87.47,User Support,Medium,1.6,2.57
2022-07-30,E124,Team D,3,7.172054416344192,60.18,Documentation,Medium,1.71,2.3
2022-07-30,E125,Team A,4,8.446867971582323,82.65,User Support,Medium,0.15,0.88
2022-07-30,E126,Team B,3,9.646411716714182,93.16,System Maintenance,Low,1.9,2.44
2022-07-30,E127,Team D,10,7.074783038543215,62.3,System Maintenance,Medium,2.86,3.74
2022-07-31,E123,Team B,3,7.742510527791308,79.78,Testing,High,1.68,3.9
2022-07-31,E124,Team D,2,7.813548063348981,65.58,System Maintenance,Low,1.41,1.75
2022-07-31,E125,Team C,7,9.28837866301005,62.08,Bug Fix,Medium,1.19,0.8
2022-07-31,E126,Team B,10,6.351760046124562,61.58,System Maintenance,Low,0.81,1.19
2022-07-31,E127,Team D,2,9.427215158461888,71.67,Deployment,Medium,0.73,3.14
2022-08-01,E123,Team A,2,9.017878201153502,90.45,Deployment,High,0.89,2.97
2022-08-01,E124,Team D,8,9.783998681822514,86.46,Documentation,Medium,1.11,0.38
2022-08-01,E125,Team D,1,7.400554629095087,63.47,Testing,High,1.29,2.67
2022-08-01,E126,Team A,1,8.363834042347744,88.58,System Maintenance,Medium,2.0,2.66
2022-08-01,E127,Team B,2,6.826405399928273,94.62,Documentation,Low,0.58,2.52
2022-08-02,E123,Team B,6,6.103046781044152,67.62,Deployment,Medium,0.09,1.23
2022-08-02,E124,Team B,3,8.767458975212339,70.48,Testing,Low,2.6,1.84
2022-08-02,E125,Team A,1,9.923532844371035,88.72,Documentation,Medium,1.83,3.23
2022-08-02,E126,Team A,1,9.761719663584353,61.75,Testing,High,0.91,2.25
2022-08-02,E127,Team B,9,8.024411300596721,66.44,Testing,Low,0.23,2.21
2022-08-03,E123,Team C,6,8.079854704058965,89.11,Database Optimization,High,0.94,3.79
2022-08-03,E124,Team B,10,6.564952312047758,95.6,System Maintenance,Low,1.38,2.29
2022-08-03,E125,Team C,8,9.582307445983016,84.07,System Maintenance,High,2.02,0.44
2022-08-03,E126,Team C,6,6.205975141095913,72.73,User Support,Low,2.8,3.61
2022-08-03,E127,Team C,9,7.440430569122803,68.55,Documentation,High,2.01,2.53
2022-08-04,E123,Team D,1,7.559055834753925,91.0,System Maintenance,Low,0.96,0.19
2022-08-04,E124,Team B,4,8.43082710090193,70.89,Deployment,Medium,2.13,0.26
2022-08-04,E125,Team B,3,8.862872616721852,98.27,Testing,Medium,0.15,1.59
2022-08-04,E126,Team A,9,9.68676075550236,62.21,System Maintenance,Medium,0.28,1.97
2022-08-04,E127,Team D,10,8.248262800080234,63.73,System Maintenance,Medium,1.66,2.0
2022-08-05,E123,Team D,10,6.408908609731594,78.34,User Support,High,2.27,0.27
2022-08-05,E124,Team C,9,8.679484131432151,82.12,User Support,High,0.65,1.92
2022-08-05,E125,Team C,5,6.355508551881745,82.82,Security Patching,Medium,1.7,1.59
2022-08-05,E126,Team C,10,6.399404998023721,71.63,Deployment,Medium,0.74,2.73
2022-08-05,E127,Team D,6,9.794004816367064,83.95,Documentation,High,2.92,3.27
2022-08-06,E123,Team D,10,9.530916005902215,88.26,Code Review,High,0.97,3.73
2022-08-06,E124,Team A,10,6.914295859703828,60.04,System Maintenance,Low,0.74,3.69
2022-08-06,E125,Team D,3,9.41280071650101,85.25,Security Patching,Low,0.3,2.41
2022-08-06,E126,Team B,4,6.740000740704151,61.56,User Support,Medium,0.9,2.84
2022-08-06,E127,Team D,8,6.502474266441885,99.08,Database Optimization,High,1.29,0.76
2022-08-07,E123,Team C,4,9.948153974854637,93.16,System Maintenance,Low,2.49,2.94
2022-08-07,E124,Team D,3,6.192125899221935,98.67,Testing,Medium,2.32,0.43
2022-08-07,E125,Team B,4,9.597280075766172,67.11,Feature Development,Low,2.21,2.4
2022-08-07,E126,Team D,1,9.647939059739961,85.98,Security Patching,Medium,1.01,2.23
2022-08-07,E127,Team B,1,9.473128708776043,82.52,Documentation,Medium,2.95,2.15
2022-08-08,E123,Team C,3,9.298632546796263,66.58,System Maintenance,High,1.18,3.64
2022-08-08,E124,Team D,3,7.0268036202094555,76.53,Security Patching,Low,1.48,2.33
2022-08-08,E125,Team D,10,7.516238113351863,69.23,System Maintenance,High,1.14,0.88
2022-08-08,E126,Team C,2,9.407272612432799,77.36,System Maintenance,High,1.3,1.71
2022-08-08,E127,Team B,9,9.095388064049278,62.46,Documentation,Medium,1.34,1.25
2022-08-09,E123,Team C,5,9.773595324914359,69.09,Database Optimization,High,0.86,3.77
2022-08-09,E124,Team C,3,6.109082726276017,95.38,System Maintenance,Low,1.48,1.33
2022-08-09,E125,Team A,5,8.27419420143263,73.8,User Support,Low,2.14,2.92
2022-08-09,E126,Team A,10,6.326149666990817,69.97,Security Patching,Low,1.6,3.32
2022-08-09,E127,Team B,7,9.662221945927458,75.22,Bug Fix,Medium,0.27,1.54
2022-08-10,E123,Team D,1,8.006457406580296,77.24,Code Review,Low,0.97,1.58
2022-08-10,E124,Team B,4,7.438524535978708,87.19,System Maintenance,Low,0.3,2.25
2022-08-10,E125,Team C,10,9.541792571147043,67.93,Security Patching,High,1.65,0.1
2022-08-10,E126,Team A,5,7.337789707343656,81.02,Testing,High,2.38,3.47
2022-08-10,E127,Team D,7,7.517021590752605,79.35,Documentation,High,1.79,3.52
2022-08-11,E123,Team B,3,9.542986266299216,61.69,Security Patching,High,1.36,1.71
2022-08-11,E124,Team B,10,7.1831322953712995,64.72,Testing,High,2.57,2.9
2022-08-11,E125,Team A,3,8.437287229297148,89.01,Bug Fix,Low,1.76,0.61
2022-08-11,E126,Team D,2,8.802320896798356,86.8,Code Review,Low,1.66,1.2
2022-08-11,E127,Team A,3,8.688420449589316,98.11,Deployment,High,2.19,0.72
2022-08-12,E123,Team C,9,6.0181252484574,70.7,User Support,Low,2.58,3.02
2022-08-12,E124,Team B,5,6.05470137948369,92.86,User Support,High,0.58,0.47
2022-08-12,E125,Team C,5,8.704447848327316,84.33,Bug Fix,Low,0.27,2.56
2022-08-12,E126,Team B,1,8.326087023098143,69.76,Bug Fix,Medium,2.13,3.08
2022-08-12,E127,Team D,1,6.207672500113377,69.22,Code Review,Low,1.78,1.97
2022-08-13,E123,Team B,1,7.535200955635794,83.23,Security Patching,High,2.34,2.17
2022-08-13,E124,Team D,1,8.193388758119259,63.67,Deployment,Low,0.96,3.68
2022-08-13,E125,Team B,6,9.738740641367384,84.33,Feature Development,Low,1.81,0.05
2022-08-13,E126,Team C,1,9.267056031572782,81.43,Testing,High,0.98,2.62
2022-08-13,E127,Team D,10,8.888498168285007,94.88,Documentation,Medium,0.49,0.75
2022-08-14,E123,Team D,10,8.86502597654772,63.72,Code Review,High,0.83,2.56
2022-08-14,E124,Team B,10,6.080269086532998,89.28,Documentation,Medium,1.13,3.59
2022-08-14,E125,Team A,5,9.819970387393825,70.45,Bug Fix,Medium,1.66,2.37
2022-08-14,E126,Team C,9,8.5255428462494,90.69,Code Review,Low,1.72,3.71
2022-08-14,E127,Team A,7,6.926467665332478,80.72,Security Patching,Medium,1.73,1.86
2022-08-15,E123,Team A,6,6.938369312934442,75.88,Code Review,High,1.97,2.95
2022-08-15,E124,Team C,8,7.714849985163971,94.25,System Maintenance,Medium,1.85,1.56
2022-08-15,E125,Team D,3,7.3842065401856445,77.19,User Support,Medium,2.49,1.06
2022-08-15,E126,Team C,1,8.274400008859299,86.06,Documentation,Low,2.57,3.92
2022-08-15,E127,Team B,6,7.4400897392999745,86.7,Deployment,High,0.56,3.0
2022-08-16,E123,Team D,10,7.298990039102867,85.81,Security Patching,Medium,0.18,0.68
2022-08-16,E124,Team A,5,6.569103436453776,73.56,Security Patching,Medium,1.71,1.25
2022-08-16,E125,Team C,7,7.948650907363007,64.07,Database Optimization,Medium,1.23,1.65
2022-08-16,E126,Team A,6,9.027150370682065,61.39,Testing,Medium,0.74,0.92
2022-08-16,E127,Team B,9,6.772887888844918,66.83,User Support,Medium,0.54,3.1
2022-08-17,E123,Team A,5,9.270334612461413,80.17,Feature Development,Low,0.36,3.79
2022-08-17,E124,Team D,8,9.787301266103913,75.62,Testing,Low,2.66,1.21
2022-08-17,E125,Team C,6,9.783641073878819,62.3,Security Patching,High,2.2,0.64
2022-08-17,E126,Team B,2,8.869288966275093,96.34,Documentation,Medium,2.93,0.21
2022-08-17,E127,Team D,8,7.634168013472407,97.44,Feature Development,High,0.77,2.58
2022-08-18,E123,Team C,2,7.425417651887069,68.74,Documentation,Low,2.27,1.52
2022-08-18,E124,Team C,3,9.747227500545652,71.43,Testing,Low,2.13,2.67
2022-08-18,E125,Team D,9,6.133723142685593,66.08,Deployment,High,1.75,2.12
2022-08-18,E126,Team A,4,6.475469928522031,92.8,Testing,High,1.05,3.35
2022-08-18,E127,Team B,1,9.242735312162132,87.15,User Support,Low,2.08,0.16
2022-08-19,E123,Team D,1,8.630175515287368,93.15,Code Review,Medium,1.47,0.22
2022-08-19,E124,Team B,1,9.392701606595523,83.55,Code Review,High,0.65,2.38
2022-08-19,E125,Team C,2,7.081506816074242,63.48,Feature Development,Low,1.81,2.58
2022-08-19,E126,Team B,6,8.441131729791108,93.58,Testing,High,2.25,2.33
2022-08-19,E127,Team B,3,7.469476925873605,90.62,Code Review,Low,0.7,3.68
2022-08-20,E123,Team D,5,7.876486138155082,66.66,User Support,High,0.01,1.14
2022-08-20,E124,Team C,1,9.44760069951421,88.95,Feature Development,High,0.72,1.49
2022-08-20,E125,Team B,7,7.23638793847139,82.06,Security Patching,High,1.25,2.3
2022-08-20,E126,Team A,2,6.079552505031179,88.2,Database Optimization,Low,2.82,0.98
2022-08-20,E127,Team C,4,7.567903172377175,99.71,Security Patching,High,0.24,3.93
2022-08-21,E123,Team B,9,6.205326610467797,69.63,System Maintenance,Medium,0.39,3.87
2022-08-21,E124,Team A,7,6.4577271001503105,69.84,User Support,Low,2.18,1.91
2022-08-21,E125,Team A,1,7.935739565427687,70.4,Bug Fix,Medium,2.8,3.25
2022-08-21,E126,Team A,10,7.134418724171728,90.81,Documentation,Low,2.2,2.45
2022-08-21,E127,Team D,5,6.371458769352834,76.45,Database Optimization,Medium,2.51,3.33
2022-08-22,E123,Team D,8,7.405098580284587,80.7,Code Review,Low,1.99,2.86
2022-08-22,E124,Team C,7,9.526295929136634,63.86,Deployment,High,2.69,1.07
2022-08-22,E125,Team C,3,8.64602553890186,90.97,Testing,Low,2.57,1.18
2022-08-22,E126,Team B,7,7.008378069188265,73.72,Code Review,High,1.53,1.16
2022-08-22,E127,Team C,2,8.161970276710921,92.41,Bug Fix,Low,0.6,0.62
2022-08-23,E123,Team C,9,8.222931107634372,93.69,Feature Development,Medium,0.18,0.29
2022-08-23,E124,Team D,5,7.785737472018889,82.8,Code Review,Low,0.73,3.48
2022-08-23,E125,Team C,7,9.863780295124199,98.42,System Maintenance,Medium,0.53,3.8
2022-08-23,E126,Team D,9,9.297930950485725,89.5,System Maintenance,Low,1.16,3.58
2022-08-23,E127,Team C,2,8.245494859658441,68.63,Feature Development,High,2.8,3.72
2022-08-24,E123,Team B,8,6.210674184020145,67.07,Documentation,High,0.88,3.85
2022-08-24,E124,Team D,9,7.507123699017232,67.76,Code Review,High,2.32,1.73
2022-08-24,E125,Team C,8,6.267545373984462,83.05,Database Optimization,Low,1.11,2.61
2022-08-24,E126,Team A,4,8.484278717118393,96.9,Database Optimization,Medium,2.74,0.45
2022-08-24,E127,Team A,10,6.269119124955626,85.38,Deployment,Low,0.57,0.73
2022-08-25,E123,Team C,6,8.389498389008553,68.78,Bug Fix,Low,2.15,3.5
2022-08-25,E124,Team C,7,6.541472708275952,93.9,Security Patching,Medium,0.52,1.17
2022-08-25,E125,Team A,5,6.63213429038823,85.4,Deployment,Low,0.5,1.81
2022-08-25,E126,Team A,9,9.353681749921472,81.02,Testing,High,2.56,3.07
2022-08-25,E127,Team A,5,9.522534921613218,82.58,Feature Development,Medium,2.83,3.05
2022-08-26,E123,Team A,10,9.177654280777176,69.49,System Maintenance,Medium,2.86,1.01
2022-08-26,E124,Team D,10,9.725642297131609,99.87,Testing,Medium,1.8,0.55
2022-08-26,E125,Team C,6,6.151301781875535,73.24,Testing,Medium,0.04,2.06
2022-08-26,E126,Team D,2,6.4865230256223505,61.91,Documentation,High,1.9,2.58
2022-08-26,E127,Team B,8,9.55903677616554,73.33,Code Review,Low,1.04,1.03
2022-08-27,E123,Team C,10,7.303609958034603,93.52,Feature Development,High,2.08,2.8
2022-08-27,E124,Team D,1,8.549932935936585,74.06,User Support,Medium,2.14,2.6
2022-08-27,E125,Team C,3,7.93036624776181,96.77,Documentation,Medium,2.09,1.49
2022-08-27,E126,Team A,10,7.941088697627125,68.97,Bug Fix,Low,2.48,3.15
2022-08-27,E127,Team D,6,8.35668370055552,77.05,User Support,High,1.13,3.59
2022-08-28,E123,Team C,4,7.838100284254705,61.66,Documentation,High,0.99,1.24
2022-08-28,E124,Team C,6,8.330767988029606,88.31,Documentation,Medium,1.86,0.06
2022-08-28,E125,Team B,4,7.851130584181706,87.67,Feature Development,Medium,2.44,1.84
2022-08-28,E126,Team B,1,9.809421552310223,91.94,Bug Fix,Medium,2.97,0.39
2022-08-28,E127,Team A,8,6.98224114940113,70.29,User Support,Low,1.76,1.91
2022-08-29,E123,Team B,3,9.987582963010931,96.4,Bug Fix,Low,0.64,1.36
2022-08-29,E124,Team B,3,9.93038455862385,87.74,Documentation,Medium,2.64,2.97
2022-08-29,E125,Team A,4,6.607831947554196,62.97,Deployment,High,0.01,3.99
2022-08-29,E126,Team A,4,6.9933435835985645,93.11,Deployment,Low,0.32,0.28
2022-08-29,E127,Team A,2,8.702430837456584,69.38,Deployment,Medium,1.25,0.34
2022-08-30,E123,Team C,5,7.118635183060913,66.33,Bug Fix,Low,0.07,0.89
2022-08-30,E124,Team D,4,8.006190098720484,82.78,Bug Fix,Medium,1.01,2.31
2022-08-30,E125,Team A,9,8.262789404332477,73.76,User Support,High,2.54,1.3
2022-08-30,E126,Team B,6,6.713038564170407,81.87,Code Review,Medium,1.33,0.83
2022-08-30,E127,Team B,3,7.159293538458045,61.24,Code Review,Low,1.63,3.67
2022-08-31,E123,Team B,4,8.128360567087311,65.66,Testing,Medium,0.33,1.22
2022-08-31,E124,Team C,2,6.102315075637569,91.28,User Support,Low,1.87,2.16
2022-08-31,E125,Team B,4,8.893619650020876,99.68,Security Patching,Medium,1.74,1.85
2022-08-31,E126,Team D,5,7.5550321187273175,90.71,Testing,Medium,2.83,3.86
2022-08-31,E127,Team A,5,9.529315797741878,82.86,Deployment,Medium,0.55,0.02
2022-09-01,E123,Team D,3,9.363751233199178,85.45,Testing,High,0.77,3.56
2022-09-01,E124,Team D,10,6.151178015852661,71.59,Documentation,Low,1.15,0.38
2022-09-01,E125,Team B,3,9.353605573642085,61.81,Bug Fix,High,2.5,2.24
2022-09-01,E126,Team C,5,8.092899612427392,90.36,Bug Fix,Low,2.88,0.22
2022-09-01,E127,Team C,6,6.738727461094857,76.43,Code Review,High,2.05,1.84
2022-09-02,E123,Team A,2,6.036563820925066,81.11,Database Optimization,Medium,1.19,0.91
2022-09-02,E124,Team A,1,8.682100710064034,98.41,Deployment,High,2.96,1.69
2022-09-02,E125,Team B,9,6.6538830373479705,77.29,Security Patching,Medium,2.43,0.71
2022-09-02,E126,Team A,8,8.720979213872987,81.37,Code Review,Low,1.29,1.74
2022-09-02,E127,Team B,9,7.577718740482039,83.98,Database Optimization,High,0.25,1.78
2022-09-03,E123,Team B,2,7.585858319491539,94.33,Testing,Medium,2.43,3.16
2022-09-03,E124,Team C,7,6.482779904034357,69.76,Feature Development,Medium,2.27,3.53
2022-09-03,E125,Team C,8,7.376001906856653,98.86,User Support,Medium,0.25,2.67
2022-09-03,E126,Team B,3,7.520051705037306,90.87,System Maintenance,High,0.24,0.91
2022-09-03,E127,Team D,9,6.5272644860456595,94.77,System Maintenance,Low,2.79,0.19
2022-09-04,E123,Team C,3,8.878001175620888,94.29,Security Patching,Low,0.4,2.44
2022-09-04,E124,Team A,6,9.093653589906086,85.29,Deployment,Medium,2.27,3.14
2022-09-04,E125,Team C,6,6.136351069515566,98.04,System Maintenance,Medium,2.34,1.51
2022-09-04,E126,Team C,7,9.380217265310801,64.3,User Support,Low,2.81,1.85
2022-09-04,E127,Team C,1,8.612922931529743,79.42,System Maintenance,Medium,0.94,0.22
2022-09-05,E123,Team B,4,6.98141579107004,68.61,Security Patching,High,2.36,2.23
2022-09-05,E124,Team D,3,9.389898600587747,93.93,Code Review,High,1.5,2.96
2022-09-05,E125,Team B,4,7.374112990756655,77.71,Bug Fix,Medium,2.53,0.01
2022-09-05,E126,Team C,2,7.917524418016534,95.87,System Maintenance,Low,2.05,2.31
2022-09-05,E127,Team C,2,9.426422134334937,85.73,Code Review,Medium,0.28,1.44
2022-09-06,E123,Team B,3,6.285761901667017,91.59,Database Optimization,High,2.24,1.2
2022-09-06,E124,Team D,9,7.384247966135886,86.95,Security Patching,Low,0.98,2.9
2022-09-06,E125,Team A,5,6.044576012314204,76.83,Code Review,Medium,0.24,2.62
2022-09-06,E126,Team D,1,8.24335754372814,76.34,Database Optimization,Low,2.19,2.65
2022-09-06,E127,Team C,8,6.146646161342363,73.06,Security Patching,Medium,2.22,3.13
2022-09-07,E123,Team A,10,8.351721342754834,86.51,Database Optimization,Medium,1.22,1.13
2022-09-07,E124,Team B,7,6.8040160453453105,71.18,System Maintenance,Low,2.31,1.19
2022-09-07,E125,Team D,10,8.481811288305533,94.63,Testing,Low,0.75,0.39
2022-09-07,E126,Team C,9,7.719745045194948,94.0,Bug Fix,High,2.58,3.07
2022-09-07,E127,Team A,7,6.651677719846457,98.51,Bug Fix,High,0.95,3.09
2022-09-08,E123,Team A,10,9.962817756349972,89.54,Documentation,High,2.23,2.37
2022-09-08,E124,Team C,4,9.445498007381776,85.86,Security Patching,High,1.5,1.01
2022-09-08,E125,Team A,8,6.017907930799803,89.25,Testing,Low,0.1,0.67
2022-09-08,E126,Team C,2,6.611472700865566,62.6,Documentation,High,1.57,0.9
2022-09-08,E127,Team D,6,6.905598397976041,92.06,System Maintenance,Medium,0.62,1.58
2022-09-09,E123,Team B,4,6.743558165778058,60.38,Code Review,Medium,0.97,3.44
2022-09-09,E124,Team C,10,8.230897632072185,63.02,Testing,Low,2.33,3.4
2022-09-09,E125,Team B,1,9.669357642394756,71.81,Bug Fix,Medium,0.68,2.69
2022-09-09,E126,Team C,9,7.4023746676317765,77.3,Deployment,High,0.38,3.01
2022-09-09,E127,Team D,9,9.609358977913606,79.21,Database Optimization,Medium,2.89,1.15
2022-09-10,E123,Team B,8,7.018544420948854,92.98,Testing,High,0.68,0.58
2022-09-10,E124,Team D,8,8.578007799921991,89.52,Database Optimization,High,0.55,2.02
2022-09-10,E125,Team C,6,8.517077114973073,76.92,Testing,Low,0.91,2.84
2022-09-10,E126,Team A,7,9.872398223372786,97.27,Documentation,Low,0.84,0.71
2022-09-10,E127,Team D,7,6.28845390954139,93.09,Bug Fix,Medium,2.27,2.53
2022-09-11,E123,Team C,4,7.006461092303503,90.31,User Support,Medium,0.76,1.06
2022-09-11,E124,Team D,7,7.335077337662444,90.86,Security Patching,Medium,0.13,1.89
2022-09-11,E125,Team D,6,6.771535142979632,87.31,Database Optimization,Medium,1.49,1.57
2022-09-11,E126,Team B,4,8.569593881543152,65.75,Feature Development,Low,2.05,2.37
2022-09-11,E127,Team D,5,6.608344865493818,68.53,Deployment,Low,0.46,1.5
2022-09-12,E123,Team D,2,7.974351519525991,80.15,Database Optimization,Low,2.09,2.35
2022-09-12,E124,Team D,3,8.137926480971124,96.1,Feature Development,High,1.79,2.97
2022-09-12,E125,Team A,5,9.882173265098215,98.85,Bug Fix,High,0.04,3.58
2022-09-12,E126,Team A,10,7.493266654424316,69.69,Database Optimization,High,1.62,2.39
2022-09-12,E127,Team A,9,8.090160753291652,74.17,Feature Development,Medium,1.47,1.42
2022-09-13,E123,Team A,5,7.377076379319818,88.84,Database Optimization,Medium,2.48,3.97
2022-09-13,E124,Team D,2,6.4936055076379375,85.67,Testing,Low,1.94,1.63
2022-09-13,E125,Team D,8,6.920792478927799,98.8,Code Review,Medium,2.92,2.14
2022-09-13,E126,Team D,9,6.762045563835973,95.92,Bug Fix,Medium,0.98,1.54
2022-09-13,E127,Team A,2,8.10209171649397,70.35,Testing,Low,0.89,1.77
2022-09-14,E123,Team C,9,7.60486829114808,89.46,Documentation,Medium,2.13,3.0
2022-09-14,E124,Team D,4,8.944717051598712,92.1,Database Optimization,High,0.92,0.96
2022-09-14,E125,Team D,3,6.865008467071324,64.5,Security Patching,High,0.07,3.4
2022-09-14,E126,Team D,3,8.852288638833903,66.32,Documentation,Medium,0.63,3.97
2022-09-14,E127,Team D,5,6.362544975187712,60.77,Bug Fix,High,2.17,0.52
2022-09-15,E123,Team D,10,7.63085330105252,79.23,User Support,Low,0.65,0.37
2022-09-15,E124,Team A,7,9.448629583968437,84.84,Testing,High,1.88,0.79
2022-09-15,E125,Team A,8,6.559201220389356,89.95,Code Review,Medium,0.7,1.9
2022-09-15,E126,Team C,7,6.128146307641826,89.4,Feature Development,High,0.99,3.27
2022-09-15,E127,Team A,10,7.0467621019953,71.0,Deployment,Low,1.07,0.37
2022-09-16,E123,Team D,9,7.298115838308432,98.63,Database Optimization,Medium,2.92,1.78
2022-09-16,E124,Team A,5,8.391358280904637,64.02,Testing,Medium,1.12,3.39
2022-09-16,E125,Team A,8,6.434094841164763,82.56,Testing,Low,0.34,0.68
2022-09-16,E126,Team A,5,7.557176103369468,66.56,Deployment,High,2.27,2.45
2022-09-16,E127,Team B,7,9.585303369835664,78.29,Security Patching,High,1.67,3.93
2022-09-17,E123,Team A,3,9.01204837410424,69.09,Feature Development,Medium,1.44,0.48
2022-09-17,E124,Team B,2,6.585233728541898,62.99,Bug Fix,Low,2.46,3.14
2022-09-17,E125,Team C,9,7.491248671078539,89.65,Testing,Low,0.21,2.7
2022-09-17,E126,Team C,4,9.107783162148351,78.27,Testing,High,0.84,1.04
2022-09-17,E127,Team C,7,9.556712754764979,77.32,Bug Fix,High,1.76,1.7
2022-09-18,E123,Team A,7,6.211904780689599,64.67,User Support,Medium,1.33,1.66
2022-09-18,E124,Team D,3,8.801677733898282,80.86,Database Optimization,High,2.64,2.22
2022-09-18,E125,Team C,6,8.49421880856101,66.63,User Support,Medium,0.47,2.79
2022-09-18,E126,Team B,6,8.75167303794671,85.41,Testing,Low,1.79,2.39
2022-09-18,E127,Team B,6,6.039355448511699,71.76,Code Review,Low,2.48,0.04
2022-09-19,E123,Team C,10,8.430973137611193,67.46,Deployment,High,1.56,0.26
2022-09-19,E124,Team C,9,6.8002982371595495,93.81,User Support,Medium,0.96,2.07
2022-09-19,E125,Team B,9,7.388174841067009,61.63,Code Review,Low,2.18,0.65
2022-09-19,E126,Team A,1,7.586696411745361,83.13,System Maintenance,High,2.47,2.98
2022-09-19,E127,Team A,5,7.635852303607887,71.22,Code Review,High,1.4,0.73
2022-09-20,E123,Team D,9,9.775928548610233,98.09,Bug Fix,Low,2.92,3.1
2022-09-20,E124,Team A,10,8.045486561232712,85.98,Documentation,High,1.73,0.65
2022-09-20,E125,Team B,3,9.315349252146529,69.66,Testing,High,1.67,1.64
2022-09-20,E126,Team B,7,8.878414272052877,71.9,Database Optimization,High,1.41,0.72
2022-09-20,E127,Team B,1,6.458951528079978,66.82,Database Optimization,Low,0.54,1.35
2022-09-21,E123,Team B,9,7.732962726459874,95.75,Testing,High,2.86,0.6
2022-09-21,E124,Team B,9,6.977947276908536,88.54,Bug Fix,Medium,2.43,2.97
2022-09-21,E125,Team C,8,9.376576146345638,76.91,Security Patching,Medium,2.75,2.71
2022-09-21,E126,Team B,5,8.315105247296973,68.83,Deployment,High,2.81,2.88
2022-09-21,E127,Team A,3,9.821878864571772,62.18,Database Optimization,Low,1.96,2.83
2022-09-22,E123,Team D,10,9.815315370134446,89.74,Code Review,High,1.94,1.61
2022-09-22,E124,Team C,8,7.514804481212602,71.6,Testing,High,0.48,0.58
2022-09-22,E125,Team C,8,6.102295524791641,95.27,Security Patching,Medium,2.18,1.86
2022-09-22,E126,Team A,9,8.722256898917784,70.09,Code Review,Medium,0.72,2.04
2022-09-22,E127,Team B,8,8.781311716982083,68.5,Code Review,Low,2.08,3.85
2022-09-23,E123,Team C,8,6.40604260036853,95.75,Deployment,Low,1.81,0.04
2022-09-23,E124,Team D,6,7.999721101062441,78.61,User Support,Low,2.2,2.3
2022-09-23,E125,Team C,5,9.067590294825132,82.31,Security Patching,Medium,3.0,0.84
2022-09-23,E126,Team A,3,8.70054948070553,61.59,Testing,High,0.5,3.2
2022-09-23,E127,Team B,5,6.928462341014937,74.67,System Maintenance,Low,1.62,0.11
2022-09-24,E123,Team C,6,8.370052574886543,82.48,Feature Development,Medium,2.45,2.34
2022-09-24,E124,Team C,4,7.673376324788279,79.37,User Support,Medium,0.09,1.95
2022-09-24,E125,Team A,9,9.431544916903595,81.14,Feature Development,Medium,0.44,3.44
2022-09-24,E126,Team C,10,9.661449756692038,97.37,Database Optimization,High,0.55,2.14
2022-09-24,E127,Team B,4,7.437894967894991,65.34,User Support,High,2.28,3.89
2022-09-25,E123,Team B,7,6.632296822905806,82.45,Documentation,Medium,2.92,1.75
2022-09-25,E124,Team B,6,9.741070408846326,95.63,Database Optimization,Medium,1.29,3.14
2022-09-25,E125,Team C,5,8.780980251428915,78.01,User Support,Medium,2.88,2.13
2022-09-25,E126,Team A,1,9.668081896985695,75.09,Testing,Medium,2.75,0.09
2022-09-25,E127,Team C,8,6.396925751435575,77.92,Code Review,High,2.49,2.54
2022-09-26,E123,Team C,6,9.213752315691229,64.68,User Support,Low,2.37,3.14
2022-09-26,E124,Team D,10,9.141264548252042,85.37,Feature Development,Medium,2.13,1.91
2022-09-26,E125,Team C,1,6.254511164204139,69.86,Security Patching,Low,2.37,2.82
2022-09-26,E126,Team C,10,6.473410808718096,67.02,Deployment,High,0.73,3.51
2022-09-26,E127,Team D,4,7.02674750394686,61.51,System Maintenance,Medium,0.58,1.37
2022-09-27,E123,Team A,5,8.21772567391325,78.96,Database Optimization,Medium,0.68,3.94
2022-09-27,E124,Team D,6,9.437790366896573,95.7,User Support,High,2.79,0.19
2022-09-27,E125,Team D,8,9.345379637016764,72.0,Feature Development,Medium,0.54,2.62
2022-09-27,E126,Team C,5,9.059706303546811,70.42,Code Review,Low,2.09,1.12
2022-09-27,E127,Team A,7,8.086425288763717,63.28,System Maintenance,Low,0.59,2.25
2022-09-28,E123,Team C,4,6.927052614945813,69.62,Security Patching,Low,0.59,2.95
2022-09-28,E124,Team D,1,7.454343389465331,88.95,System Maintenance,High,2.89,1.03
2022-09-28,E125,Team C,3,9.796688117262523,71.58,Feature Development,Medium,2.43,2.94
2022-09-28,E126,Team B,4,7.867772984794812,81.19,Deployment,High,0.34,1.47
2022-09-28,E127,Team B,3,8.001896174881047,89.01,User Support,Low,0.45,3.51
2022-09-29,E123,Team A,5,8.863064219395877,81.36,Feature Development,High,1.82,1.63
2022-09-29,E124,Team D,7,8.74181809864522,67.48,Database Optimization,Low,0.37,3.43
2022-09-29,E125,Team C,7,7.351217772216067,85.98,Feature Development,Low,0.63,1.51
2022-09-29,E126,Team D,4,6.016602928493613,92.35,Documentation,High,0.77,2.88
2022-09-29,E127,Team D,3,9.378821339238684,99.5,Database Optimization,Low,1.28,3.07
2022-09-30,E123,Team C,6,8.718068799374748,69.21,Code Review,Low,2.73,1.75
2022-09-30,E124,Team B,4,6.413981273544502,70.22,Database Optimization,Medium,1.69,2.68
2022-09-30,E125,Team B,5,6.484979166871926,79.71,Feature Development,High,0.11,2.38
2022-09-30,E126,Team B,2,6.520370142314293,81.28,Database Optimization,High,1.98,2.03
2022-09-30,E127,Team D,2,6.707698699096382,97.7,Documentation,High,2.88,2.33
2022-10-01,E123,Team B,3,9.600562062981522,65.09,Bug Fix,High,0.84,0.08
2022-10-01,E124,Team B,10,9.799624231584563,64.74,Feature Development,High,2.62,3.65
2022-10-01,E125,Team B,8,7.19094865449787,92.78,System Maintenance,High,0.51,1.66
2022-10-01,E126,Team A,5,6.635743927001209,98.48,Security Patching,High,0.1,0.49
2022-10-01,E127,Team B,3,7.045314787980801,92.35,Feature Development,Medium,0.97,3.59
2022-10-02,E123,Team C,2,8.72798548311608,62.14,Documentation,Medium,1.09,1.47
2022-10-02,E124,Team C,5,8.679917686220689,79.03,Security Patching,High,1.86,2.3
2022-10-02,E125,Team A,1,6.959898689179543,91.88,System Maintenance,Low,1.19,3.57
2022-10-02,E126,Team B,9,9.116076325948821,71.58,Bug Fix,Low,2.59,3.28
2022-10-02,E127,Team D,9,6.682939001684982,91.38,Deployment,High,1.26,2.45
2022-10-03,E123,Team C,7,6.5030805958306805,93.25,Code Review,Low,1.47,1.49
2022-10-03,E124,Team A,2,8.016220731242184,93.26,Security Patching,Low,0.25,1.18
2022-10-03,E125,Team B,3,8.815494367833804,95.61,Database Optimization,Medium,0.89,2.25
2022-10-03,E126,Team B,1,8.594730561845957,81.14,Database Optimization,Low,2.48,0.65
2022-10-03,E127,Team D,3,7.017021680657123,86.12,Testing,High,2.69,2.0
2022-10-04,E123,Team D,4,6.491252867080227,73.1,User Support,Medium,0.43,2.83
2022-10-04,E124,Team A,7,6.9690563403076276,68.93,Feature Development,Low,1.76,2.87
2022-10-04,E125,Team C,8,7.319299872737632,63.39,Testing,High,1.52,3.05
2022-10-04,E126,Team C,10,8.957144438133447,77.16,Code Review,Medium,0.97,2.37
2022-10-04,E127,Team C,1,9.5528521999789,78.01,Code Review,Low,0.34,1.75
2022-10-05,E123,Team A,5,9.729155962850186,87.64,Bug Fix,Low,1.18,0.58
2022-10-05,E124,Team D,1,6.802609830575974,61.53,Feature Development,Medium,1.3,2.93
2022-10-05,E125,Team C,7,9.758196070472554,98.5,Feature Development,High,2.09,2.14
2022-10-05,E126,Team D,1,8.389576547197178,60.99,Code Review,Low,1.52,2.87
2022-10-05,E127,Team C,1,7.846244207561759,78.83,Security Patching,Medium,2.53,0.04
2022-10-06,E123,Team A,1,8.303248773779561,73.22,Bug Fix,High,2.48,3.75
2022-10-06,E124,Team A,9,8.381161946244251,71.5,Bug Fix,High,1.09,0.51
2022-10-06,E125,Team B,7,7.102004413923984,78.71,Feature Development,High,0.06,1.14
2022-10-06,E126,Team A,4,6.841779750905305,66.74,User Support,High,1.13,1.58
2022-10-06,E127,Team A,10,9.187430765504752,96.27,Documentation,Low,1.84,3.44
2022-10-07,E123,Team B,3,8.973889121325556,88.77,Bug Fix,Low,2.33,1.31
2022-10-07,E124,Team A,7,6.471647137015736,97.83,Code Review,Low,2.87,1.12
2022-10-07,E125,Team C,9,8.422061801011896,74.79,Feature Development,Medium,2.41,2.09
2022-10-07,E126,Team C,6,9.082068107891423,65.57,Database Optimization,Low,0.94,1.71
2022-10-07,E127,Team D,3,6.740696232968697,80.76,Database Optimization,Medium,1.69,3.19
2022-10-08,E123,Team D,2,6.252406821803024,67.25,Bug Fix,High,1.13,1.1
2022-10-08,E124,Team A,7,7.208215566249388,72.43,Code Review,Low,1.08,2.97
2022-10-08,E125,Team D,5,9.354340060911513,70.91,User Support,Medium,1.62,1.14
2022-10-08,E126,Team A,7,9.0434730547682,79.27,Testing,Low,2.5,1.01
2022-10-08,E127,Team C,4,9.380142217857976,66.73,User Support,Low,0.88,1.81
2022-10-09,E123,Team D,9,6.933011226048235,95.42,System Maintenance,Low,2.43,0.17
2022-10-09,E124,Team B,10,9.24271180517999,71.27,Database Optimization,Low,2.03,2.16
2022-10-09,E125,Team C,5,6.565745689705624,71.7,User Support,Low,2.36,3.49
2022-10-09,E126,Team C,10,8.858111225392614,83.03,User Support,Low,0.57,3.75
2022-10-09,E127,Team B,10,8.822178722872433,63.86,Testing,Low,0.94,2.24
2022-10-10,E123,Team D,3,9.425618824952831,85.04,System Maintenance,Low,1.73,1.27
2022-10-10,E124,Team B,3,8.847316873940288,99.41,Bug Fix,Medium,0.96,3.04
2022-10-10,E125,Team B,4,7.877317961888336,82.85,User Support,High,0.05,2.81
2022-10-10,E126,Team C,4,7.948722064603752,85.13,Code Review,Medium,2.58,1.76
2022-10-10,E127,Team B,10,9.48025866387793,76.09,Documentation,Medium,2.17,0.25
2022-10-11,E123,Team A,7,7.7375610914132515,74.15,Testing,Low,2.54,0.74
2022-10-11,E124,Team C,1,9.445270774767268,75.94,User Support,High,1.4,3.84
2022-10-11,E125,Team D,9,8.146688296015391,81.43,Bug Fix,Medium,1.64,3.58
2022-10-11,E126,Team B,1,9.777342511751193,64.34,Deployment,Medium,2.57,0.93
2022-10-11,E127,Team D,10,7.25197265481716,72.5,Testing,Low,0.13,3.62
2022-10-12,E123,Team B,9,9.57815751949905,93.09,Bug Fix,Low,1.59,0.34
2022-10-12,E124,Team D,9,8.406165223527015,93.34,Bug Fix,Low,2.64,0.11
2022-10-12,E125,Team B,5,9.668245183393283,93.44,Security Patching,High,1.4,2.19
2022-10-12,E126,Team B,10,7.2080232600904015,99.92,Code Review,Medium,2.28,1.26
2022-10-12,E127,Team B,4,9.32985886994879,65.54,Code Review,Medium,0.68,0.04
2022-10-13,E123,Team C,1,6.797282408429913,77.13,Code Review,Medium,0.92,3.43
2022-10-13,E124,Team C,3,9.095215218897312,82.25,Database Optimization,Low,1.86,2.94
2022-10-13,E125,Team C,3,7.480388050056263,76.07,Deployment,Medium,0.1,1.79
2022-10-13,E126,Team A,10,8.764967819105765,72.11,Security Patching,Low,0.12,1.78
2022-10-13,E127,Team B,5,7.687813329768193,99.25,Security Patching,Medium,2.61,1.65
2022-10-14,E123,Team A,9,7.951667963028623,78.13,Documentation,Low,1.98,1.14
2022-10-14,E124,Team B,9,9.995080500637695,92.32,User Support,Medium,2.15,1.66
2022-10-14,E125,Team C,9,6.256531161129817,77.82,Documentation,High,1.43,0.09
2022-10-14,E126,Team B,7,8.382214097783315,79.6,Security Patching,High,0.03,3.06
2022-10-14,E127,Team C,7,7.614309795232879,93.54,Bug Fix,Low,2.07,3.26
2022-10-15,E123,Team C,8,6.145667176622066,94.6,User Support,High,1.77,3.15
2022-10-15,E124,Team A,5,6.294824218967361,85.98,Code Review,Low,1.54,3.2
2022-10-15,E125,Team C,4,8.510479160989169,88.15,Security Patching,Low,2.14,2.49
2022-10-15,E126,Team B,9,7.003582152955007,71.54,Documentation,High,1.37,2.31
2022-10-15,E127,Team C,2,6.499025561588934,80.84,Feature Development,Medium,2.81,1.58
2022-10-16,E123,Team B,5,9.729792558066563,90.9,Database Optimization,High,0.09,3.87
2022-10-16,E124,Team D,6,8.629600735212271,89.16,Documentation,High,0.31,1.56
2022-10-16,E125,Team A,10,8.904507942379091,78.82,Bug Fix,Medium,0.56,1.7
2022-10-16,E126,Team A,7,8.845155374637816,96.54,Feature Development,Medium,0.78,2.98
2022-10-16,E127,Team C,10,8.298765486059082,97.39,Security Patching,Low,1.31,3.91
2022-10-17,E123,Team B,6,9.572884283226298,89.43,Testing,Low,2.15,2.59
2022-10-17,E124,Team A,5,6.555807823594116,83.57,Deployment,Medium,2.47,1.53
2022-10-17,E125,Team D,2,9.326982651239943,62.43,System Maintenance,Medium,2.65,1.19
2022-10-17,E126,Team B,10,7.446816905187795,66.54,Deployment,High,2.19,0.34
2022-10-17,E127,Team A,3,8.10079930708282,85.9,Code Review,High,2.02,2.39
2022-10-18,E123,Team A,3,9.309203477882761,71.45,Code Review,High,1.84,2.02
2022-10-18,E124,Team C,10,8.420138090461021,61.47,Bug Fix,Low,2.35,2.32
2022-10-18,E125,Team C,3,8.437998099752093,99.39,Database Optimization,Low,0.35,2.06
2022-10-18,E126,Team B,9,9.45480353894948,68.16,Testing,Medium,1.74,1.56
2022-10-18,E127,Team B,2,9.585188136653807,75.52,Documentation,Low,0.07,3.44
2022-10-19,E123,Team C,7,8.114183404142098,62.35,Database Optimization,Medium,0.64,3.17
2022-10-19,E124,Team D,10,6.611319481404348,93.76,Code Review,Low,1.22,0.95
2022-10-19,E125,Team C,1,6.097491265471968,60.25,Feature Development,Low,0.09,1.99
2022-10-19,E126,Team A,2,7.227387782311082,99.2,Bug Fix,High,1.43,3.81
2022-10-19,E127,Team B,3,7.376428038993795,72.47,Bug Fix,High,2.65,0.16
2022-10-20,E123,Team B,9,7.3034517141476005,74.6,Documentation,Medium,1.82,2.2
2022-10-20,E124,Team C,6,7.264769146368144,92.3,Code Review,Low,2.23,3.36
2022-10-20,E125,Team C,10,7.6989384903741485,68.12,Security Patching,High,1.76,1.26
2022-10-20,E126,Team D,5,8.665358315202752,73.48,Feature Development,Medium,2.65,1.63
2022-10-20,E127,Team A,2,8.05343707645249,66.66,Feature Development,Medium,2.84,3.88
2022-10-21,E123,Team B,10,8.741627628708738,63.56,System Maintenance,Medium,0.3,3.78
2022-10-21,E124,Team D,8,7.006541074731528,81.47,Database Optimization,High,0.94,0.56
2022-10-21,E125,Team B,3,7.762914303346425,76.36,Deployment,High,1.41,2.22
2022-10-21,E126,Team C,1,9.572932769008029,76.25,Code Review,High,0.48,1.16
2022-10-21,E127,Team D,8,8.958249936203618,67.39,Testing,Medium,0.76,2.51
2022-10-22,E123,Team C,2,6.08425652993659,70.44,Testing,Medium,1.3,2.17
2022-10-22,E124,Team C,10,9.18429527186938,80.53,Code Review,Low,1.91,0.62
2022-10-22,E125,Team D,1,6.775972749643204,75.11,Documentation,Medium,0.07,1.98
2022-10-22,E126,Team C,3,8.572896669342015,99.36,User Support,High,1.85,2.21
2022-10-22,E127,Team A,8,6.731641750331875,98.2,Security Patching,Low,0.2,1.08
2022-10-23,E123,Team D,4,9.399270256222083,77.42,Bug Fix,Medium,1.9,1.32
2022-10-23,E124,Team B,3,7.282963803017855,69.75,User Support,High,1.26,0.19
2022-10-23,E125,Team A,6,9.170701359760708,72.86,Feature Development,High,1.77,0.01
2022-10-23,E126,Team C,3,6.767481129223483,92.08,System Maintenance,Low,0.2,3.72
2022-10-23,E127,Team A,3,7.390451582635222,76.8,Bug Fix,High,0.2,3.71
2022-10-24,E123,Team A,1,7.859481360289976,92.0,Feature Development,Low,2.41,2.48
2022-10-24,E124,Team C,8,9.844908887970185,91.21,Documentation,Medium,1.84,0.65
2022-10-24,E125,Team C,4,6.892298904069833,69.28,Deployment,High,1.3,0.44
2022-10-24,E126,Team C,1,9.28005390477018,84.71,Deployment,Medium,0.04,1.31
2022-10-24,E127,Team C,10,8.970691914070652,70.82,System Maintenance,High,1.01,3.85
2022-10-25,E123,Team D,8,7.754015507227727,64.35,Security Patching,Low,1.15,1.94
2022-10-25,E124,Team D,7,9.194942129679852,65.65,Documentation,High,2.06,2.98
2022-10-25,E125,Team C,4,8.90251082242721,93.37,Feature Development,Low,0.19,1.83
2022-10-25,E126,Team C,2,6.295193152274388,63.28,Feature Development,High,2.42,3.98
2022-10-25,E127,Team A,4,7.905471603220795,75.28,Deployment,Medium,2.89,0.45
2022-10-26,E123,Team A,8,6.9409772603050355,89.1,System Maintenance,High,0.14,2.87
2022-10-26,E124,Team A,6,6.470481504317627,88.83,Feature Development,High,2.56,2.0
2022-10-26,E125,Team C,1,8.186264601757156,85.13,Bug Fix,High,2.91,2.33
2022-10-26,E126,Team D,8,7.603490414416095,84.23,Testing,High,0.34,3.59
2022-10-26,E127,Team C,6,7.306022334738023,86.87,Feature Development,High,1.52,1.29
2022-10-27,E123,Team D,4,6.322381351765779,97.46,Documentation,Medium,2.87,2.24
2022-10-27,E124,Team B,3,8.633026826813818,62.21,Security Patching,High,0.2,0.88
2022-10-27,E125,Team D,3,8.866416725839178,94.64,Documentation,Low,1.85,2.59
2022-10-27,E126,Team A,6,6.271334855671015,81.14,Bug Fix,Low,2.47,0.04
2022-10-27,E127,Team D,4,6.26738517170479,95.16,Deployment,High,1.45,1.55
2022-10-28,E123,Team C,4,6.494540100522784,73.67,Security Patching,Low,0.71,0.56
2022-10-28,E124,Team D,5,9.067022130122204,94.73,Feature Development,Medium,0.53,2.28
2022-10-28,E125,Team B,10,6.719601014804083,91.15,User Support,High,0.59,3.27
2022-10-28,E126,Team C,6,6.152411986894339,73.27,Deployment,Low,2.87,1.18
2022-10-28,E127,Team D,9,6.920393693724268,64.79,System Maintenance,Low,0.92,2.46
2022-10-29,E123,Team C,10,8.706255021338567,79.62,Testing,Medium,2.8,0.21
2022-10-29,E124,Team B,3,7.1648739389561555,98.06,Security Patching,Low,0.97,1.28
2022-10-29,E125,Team A,9,7.154076220706901,70.66,Deployment,Low,2.56,2.34
2022-10-29,E126,Team B,4,8.85381890047592,78.63,System Maintenance,High,2.65,1.3
2022-10-29,E127,Team B,10,9.42479982925297,74.01,Deployment,High,2.57,2.48
2022-10-30,E123,Team B,4,9.327273419243081,93.05,Database Optimization,Low,1.75,3.44
2022-10-30,E124,Team C,1,7.925625875969152,70.26,Bug Fix,Low,1.27,0.93
2022-10-30,E125,Team D,5,8.067395084986156,81.3,System Maintenance,High,0.46,3.79
2022-10-30,E126,Team A,1,6.5268826708221575,98.9,Security Patching,Medium,2.72,1.82
2022-10-30,E127,Team C,8,7.769707132301532,66.18,Bug Fix,Medium,0.36,0.07
2022-10-31,E123,Team A,3,9.467923260619404,79.54,Code Review,High,0.17,1.01
2022-10-31,E124,Team C,5,8.113697506550814,72.42,Bug Fix,Low,0.31,2.78
2022-10-31,E125,Team C,4,8.056589997546215,74.7,Feature Development,Medium,2.79,3.09
2022-10-31,E126,Team B,1,8.97986098296921,81.36,Deployment,Medium,1.59,2.88
2022-10-31,E127,Team B,1,9.47622512755752,97.06,User Support,High,0.62,0.38
2022-11-01,E123,Team A,4,8.598849132271411,97.71,Feature Development,Low,1.65,1.98
2022-11-01,E124,Team B,7,9.314819315462723,71.67,Code Review,High,0.75,1.83
2022-11-01,E125,Team B,2,6.484055515871551,93.53,Database Optimization,Low,1.04,0.86
2022-11-01,E126,Team D,6,8.766061248988592,76.59,Bug Fix,Low,2.95,2.15
2022-11-01,E127,Team D,4,9.518569407437763,73.22,Bug Fix,Low,1.71,3.54
2022-11-02,E123,Team D,9,8.888295340549227,80.73,Feature Development,Medium,0.69,3.86
2022-11-02,E124,Team D,4,6.0906917537543155,61.2,Deployment,Medium,2.79,3.16
2022-11-02,E125,Team C,7,6.160772891896823,66.86,Bug Fix,Medium,1.2,3.95
2022-11-02,E126,Team C,3,8.538543534667397,89.94,Testing,High,1.01,0.67
2022-11-02,E127,Team B,5,8.998607627208433,86.95,Documentation,High,1.94,0.78
2022-11-03,E123,Team A,7,8.301884258941527,78.98,User Support,High,2.93,2.89
2022-11-03,E124,Team D,8,6.280743931122318,90.19,Security Patching,High,2.44,0.56
2022-11-03,E125,Team D,7,6.70570232143012,60.13,Testing,Low,0.82,0.19
2022-11-03,E126,Team B,4,7.951493015383068,82.65,Feature Development,Medium,0.52,3.22
2022-11-03,E127,Team B,4,8.059994880862561,71.6,Documentation,Low,2.73,1.6
2022-11-04,E123,Team B,2,6.366744755203802,88.87,System Maintenance,Medium,1.41,0.09
2022-11-04,E124,Team D,7,6.395281050541109,82.98,Deployment,Low,2.77,3.42
2022-11-04,E125,Team D,1,8.500236200313735,64.27,Testing,Medium,0.45,1.98
2022-11-04,E126,Team C,9,8.677236626403904,74.47,Code Review,Low,1.89,2.77
2022-11-04,E127,Team A,10,8.520167180404185,87.35,Security Patching,High,1.94,1.98
2022-11-05,E123,Team D,4,7.108221792960801,93.27,Documentation,High,0.75,0.67
2022-11-05,E124,Team D,6,6.655909163489627,81.87,Bug Fix,Medium,2.7,1.32
2022-11-05,E125,Team C,7,9.564462138075362,62.49,User Support,Low,0.48,2.5
2022-11-05,E126,Team A,4,9.649565183213976,88.84,Testing,Low,2.7,3.24
2022-11-05,E127,Team C,7,7.359062377785595,69.17,System Maintenance,High,0.77,2.62
2022-11-06,E123,Team A,4,7.172768022689528,60.48,Bug Fix,Low,2.95,0.42
2022-11-06,E124,Team A,9,8.229437856720235,85.67,Testing,High,2.59,1.17
2022-11-06,E125,Team D,6,9.283606559296617,91.59,Code Review,Medium,1.49,3.99
2022-11-06,E126,Team A,1,7.471098378728785,88.78,Code Review,Low,0.76,0.34
2022-11-06,E127,Team B,7,7.393564934710736,88.3,Bug Fix,Medium,1.21,3.11
2022-11-07,E123,Team D,5,8.726519962292585,62.74,Documentation,Medium,1.01,3.64
2022-11-07,E124,Team C,8,9.466205136445735,90.62,User Support,High,1.75,1.33
2022-11-07,E125,Team C,5,8.35294873879864,64.36,Code Review,Low,1.74,2.38
2022-11-07,E126,Team D,9,7.009170687854439,78.54,Documentation,Low,1.88,2.51
2022-11-07,E127,Team A,10,7.859413404199213,80.27,Security Patching,Low,2.86,1.91
2022-11-08,E123,Team B,10,7.956019215807581,87.21,User Support,High,0.32,3.91
2022-11-08,E124,Team C,7,9.411907302406847,67.85,Deployment,High,0.74,2.39
2022-11-08,E125,Team D,3,9.066680733232152,65.66,Feature Development,Low,2.2,3.92
2022-11-08,E126,Team B,9,7.917874846984978,98.12,Database Optimization,Medium,2.33,2.04
2022-11-08,E127,Team C,7,8.644616133098276,94.53,Feature Development,High,1.49,0.89
2022-11-09,E123,Team B,2,6.0054536315138956,78.65,Database Optimization,Low,1.52,1.33
2022-11-09,E124,Team B,4,9.304061403254877,77.49,Testing,High,1.55,2.86
2022-11-09,E125,Team B,3,8.873348241250593,61.69,Feature Development,Low,1.33,3.57
2022-11-09,E126,Team C,9,9.372129910407148,73.21,Database Optimization,Medium,2.77,3.95
2022-11-09,E127,Team C,5,7.381845339495788,77.07,Bug Fix,High,2.17,1.81
2022-11-10,E123,Team C,8,7.774169659052694,65.92,Bug Fix,Medium,1.31,3.42
2022-11-10,E124,Team D,7,6.17351913150437,76.78,Deployment,Low,1.7,1.51
2022-11-10,E125,Team D,5,9.378334321095585,93.72,Database Optimization,High,1.42,2.17
2022-11-10,E126,Team D,4,7.555703027167043,74.24,Code Review,Low,2.74,0.58
2022-11-10,E127,Team A,10,8.388511022558827,92.41,Security Patching,High,2.49,2.42
2022-11-11,E123,Team A,9,8.565514987197446,75.88,Bug Fix,High,1.83,0.99
2022-11-11,E124,Team A,9,8.483961282976352,72.45,Deployment,Medium,2.51,2.38
2022-11-11,E125,Team A,3,7.228542690242682,83.51,Documentation,High,0.56,0.22
2022-11-11,E126,Team A,5,9.78818258682388,97.65,Security Patching,Medium,2.1,2.07
2022-11-11,E127,Team C,8,6.6989964138289615,76.54,Deployment,High,2.98,1.11
2022-11-12,E123,Team B,9,9.159480267902858,73.01,Database Optimization,Medium,2.18,2.19
2022-11-12,E124,Team D,7,7.709514470220229,69.95,Documentation,Low,2.28,3.57
2022-11-12,E125,Team C,3,9.600424613194493,98.13,Database Optimization,Low,0.31,0.66
2022-11-12,E126,Team C,4,9.153064888397495,93.72,Bug Fix,High,2.31,1.09
2022-11-12,E127,Team D,2,6.057265843752873,94.49,Feature Development,Medium,0.94,0.07
2022-11-13,E123,Team C,2,6.1210917583154325,77.18,Security Patching,Medium,0.98,3.74
2022-11-13,E124,Team D,10,6.4617859256494325,93.36,Bug Fix,Low,1.16,3.92
2022-11-13,E125,Team D,6,9.674646275677794,72.71,User Support,Low,2.73,3.47
2022-11-13,E126,Team B,1,9.608069447182952,68.08,Code Review,Medium,2.64,2.04
2022-11-13,E127,Team B,5,7.091086352678082,97.67,Security Patching,Low,1.01,1.87
2022-11-14,E123,Team D,7,9.0947813381476,85.42,User Support,High,1.2,3.13
2022-11-14,E124,Team C,5,9.97369716409322,73.27,Documentation,Low,1.89,1.38
2022-11-14,E125,Team A,3,8.20925055259987,60.08,Database Optimization,Low,1.73,1.27
2022-11-14,E126,Team A,3,9.727236877394025,79.83,Testing,High,3.0,2.23
2022-11-14,E127,Team D,3,8.327074772933976,72.01,User Support,Medium,2.56,1.01
2022-11-15,E123,Team C,8,9.381648931960516,94.17,User Support,Medium,2.22,3.31
2022-11-15,E124,Team B,10,9.31469344950613,74.99,User Support,Low,0.0,2.03
2022-11-15,E125,Team A,4,9.757130777466259,78.54,Feature Development,High,1.65,1.72
2022-11-15,E126,Team B,8,9.98682664217999,71.65,Feature Development,Low,1.98,1.8
2022-11-15,E127,Team B,8,6.229783385776702,83.28,Deployment,High,1.49,3.38
2022-11-16,E123,Team A,6,8.383084455260207,91.49,Database Optimization,High,1.02,2.72
2022-11-16,E124,Team C,10,9.074112698510746,88.83,System Maintenance,Low,0.1,1.78
2022-11-16,E125,Team C,9,7.8812217099691,81.37,Code Review,Low,1.14,2.73
2022-11-16,E126,Team A,9,8.282027725809284,76.29,Bug Fix,Low,2.02,2.99
2022-11-16,E127,Team A,9,6.582221901580807,70.47,Security Patching,Medium,1.98,3.24
2022-11-17,E123,Team A,10,9.084594278723355,60.94,Bug Fix,Low,0.82,1.16
2022-11-17,E124,Team D,1,8.881983384185371,96.63,Feature Development,Low,2.01,2.62
2022-11-17,E125,Team B,5,7.576526163993187,92.98,Testing,Medium,0.28,2.1
2022-11-17,E126,Team D,6,9.633457101913345,80.94,Testing,Low,1.72,2.86
2022-11-17,E127,Team B,7,6.2097282080355605,86.74,Bug Fix,Low,0.24,2.38
2022-11-18,E123,Team A,1,8.649688278158973,92.27,Feature Development,Low,1.49,1.48
2022-11-18,E124,Team B,1,7.65996788618747,62.96,Security Patching,Medium,0.4,2.27
2022-11-18,E125,Team D,7,6.28889839834801,77.59,Documentation,High,2.83,0.01
2022-11-18,E126,Team B,8,6.114568190105632,97.74,Documentation,Low,2.7,2.0
2022-11-18,E127,Team A,5,7.9595211844571425,83.98,Security Patching,High,0.54,1.9
2022-11-19,E123,Team D,2,6.030610158073884,71.48,Deployment,High,0.59,2.13
2022-11-19,E124,Team C,2,6.686723826448496,71.5,Database Optimization,Low,2.53,3.43
2022-11-19,E125,Team B,2,6.5756521594866255,65.8,Bug Fix,Low,2.44,1.83
2022-11-19,E126,Team B,6,9.806729326326021,71.21,Database Optimization,Medium,2.95,0.53
2022-11-19,E127,Team D,5,9.964298494448895,67.66,Security Patching,High,1.91,3.13
2022-11-20,E123,Team D,8,9.615712946899134,63.02,Testing,Medium,1.13,3.34
2022-11-20,E124,Team A,8,7.71946162879997,94.8,Security Patching,Low,2.49,0.06
2022-11-20,E125,Team D,5,6.627760248690657,82.35,Code Review,High,0.67,2.35
2022-11-20,E126,Team D,6,6.263844662410559,88.14,Security Patching,High,0.34,1.12
2022-11-20,E127,Team C,2,7.2277989918675765,70.8,Bug Fix,Low,1.6,2.34
2022-11-21,E123,Team B,10,6.107137984195136,71.66,Database Optimization,Low,0.86,1.95
2022-11-21,E124,Team A,6,7.9426899048983834,62.95,Testing,High,0.96,0.83
2022-11-21,E125,Team C,1,6.628759188045745,81.47,Bug Fix,High,2.06,0.78
2022-11-21,E126,Team D,10,9.854137474957913,96.52,System Maintenance,Low,2.26,3.62
2022-11-21,E127,Team C,8,9.56865959102408,82.57,Bug Fix,High,0.15,3.32
2022-11-22,E123,Team C,9,8.859761672205217,78.76,Database Optimization,High,1.22,1.87
2022-11-22,E124,Team D,3,8.84604795980144,94.53,Documentation,Medium,2.37,0.68
2022-11-22,E125,Team C,3,6.654595974119148,62.58,System Maintenance,Medium,0.1,3.31
2022-11-22,E126,Team B,9,9.965667657232615,60.78,Database Optimization,Low,1.01,2.94
2022-11-22,E127,Team D,7,8.408007505339434,87.52,Code Review,High,0.36,3.85
2022-11-23,E123,Team C,10,9.45541032876099,92.14,User Support,Low,1.99,1.19
2022-11-23,E124,Team B,8,6.965527624683476,60.49,Database Optimization,High,2.05,2.1
2022-11-23,E125,Team C,10,7.297373793755725,92.44,User Support,Low,0.8,0.06
2022-11-23,E126,Team C,1,8.978488674428718,96.17,System Maintenance,Medium,2.59,0.97
2022-11-23,E127,Team A,10,8.94263763395804,73.74,Security Patching,Low,2.66,1.64
2022-11-24,E123,Team C,6,8.277295769934572,75.47,Security Patching,Medium,2.44,1.17
2022-11-24,E124,Team A,5,6.642268082995368,76.33,Security Patching,High,2.64,3.11
2022-11-24,E125,Team D,1,8.358720240507909,80.99,System Maintenance,Low,2.89,2.2
2022-11-24,E126,Team B,3,9.413617829250606,92.71,Feature Development,Low,2.64,3.28
2022-11-24,E127,Team C,9,7.258367257891119,77.5,Code Review,Low,0.12,1.13
2022-11-25,E123,Team D,10,8.500512722654083,97.36,System Maintenance,High,0.66,3.59
2022-11-25,E124,Team B,9,6.500690086329257,72.26,User Support,Low,2.67,3.29
2022-11-25,E125,Team C,6,8.2900202435658,68.64,User Support,Low,0.52,0.21
2022-11-25,E126,Team D,7,7.33295609643452,68.13,Code Review,Medium,2.69,1.44
2022-11-25,E127,Team C,2,6.124499068423821,69.04,Bug Fix,Medium,0.82,0.49
2022-11-26,E123,Team D,8,7.6019250993992245,69.68,Deployment,Medium,1.33,3.25
2022-11-26,E124,Team B,8,8.362565854656076,61.7,Database Optimization,High,2.43,2.06
2022-11-26,E125,Team C,3,9.007688894474816,98.95,Feature Development,Low,0.01,3.16
2022-11-26,E126,Team D,6,7.5537873022157545,65.55,System Maintenance,High,0.95,2.29
2022-11-26,E127,Team C,8,9.537093166894492,82.82,System Maintenance,Low,2.4,2.27
2022-11-27,E123,Team D,6,7.048835815424525,92.72,User Support,Low,2.4,1.42
2022-11-27,E124,Team D,8,8.304979484618205,83.83,Testing,Medium,0.69,1.81
2022-11-27,E125,Team C,5,6.722657748446263,91.64,Documentation,Medium,2.23,0.74
2022-11-27,E126,Team A,4,6.376287692474641,67.28,User Support,Low,0.26,2.23
2022-11-27,E127,Team A,7,8.134073408903106,83.37,Deployment,Medium,0.82,0.06
2022-11-28,E123,Team D,10,9.108496955991562,60.56,Documentation,High,2.06,1.43
2022-11-28,E124,Team C,5,8.207387788147779,80.52,Testing,Low,1.11,3.66
2022-11-28,E125,Team B,8,9.763190973173607,72.07,Feature Development,Low,0.98,2.93
2022-11-28,E126,Team A,10,8.625701642341342,81.28,Database Optimization,Medium,0.86,2.81
2022-11-28,E127,Team C,10,7.37642534667833,91.0,Bug Fix,High,0.73,3.94
2022-11-29,E123,Team A,10,9.258775017204204,97.19,User Support,Medium,0.9,1.11
2022-11-29,E124,Team A,7,9.315133523343619,74.13,System Maintenance,Medium,1.03,1.92
2022-11-29,E125,Team B,6,7.938869571540344,66.84,Bug Fix,Low,0.77,3.65
2022-11-29,E126,Team D,1,8.508581938851812,94.05,Bug Fix,High,0.62,0.75
2022-11-29,E127,Team B,6,6.477104977081562,86.19,Feature Development,Medium,2.77,0.5
2022-11-30,E123,Team C,8,9.309367096864074,62.4,Database Optimization,High,0.43,3.24
2022-11-30,E124,Team A,3,9.181796836209688,69.64,Documentation,High,1.32,3.79
2022-11-30,E125,Team C,3,7.853254126165421,83.98,Documentation,High,1.22,0.36
2022-11-30,E126,Team B,5,8.005174323573467,99.94,Deployment,High,2.32,1.23
2022-11-30,E127,Team D,2,9.481445309418719,67.27,Bug Fix,High,2.11,3.89
2022-12-01,E123,Team A,5,7.275472139470016,72.47,Code Review,High,1.56,0.17
2022-12-01,E124,Team A,6,8.78498978248511,84.1,User Support,High,0.18,3.78
2022-12-01,E125,Team B,2,9.526603897701616,78.46,Feature Development,Medium,0.6,1.69
2022-12-01,E126,Team B,1,9.691742092534984,84.74,User Support,High,2.35,2.74
2022-12-01,E127,Team A,4,9.7447486587049,71.51,Feature Development,Low,2.52,2.28
2022-12-02,E123,Team D,7,8.801886450076635,64.88,System Maintenance,High,2.59,2.73
2022-12-02,E124,Team C,5,6.812263386939845,95.17,Database Optimization,High,1.59,1.13
2022-12-02,E125,Team D,5,6.743420854293689,93.46,Security Patching,Medium,0.38,1.43
2022-12-02,E126,Team C,2,6.459278012077775,76.96,Code Review,High,1.1,2.78
2022-12-02,E127,Team D,1,6.543986540406797,69.78,Code Review,High,2.68,2.9
2022-12-03,E123,Team B,5,9.121595526891609,99.52,Testing,Medium,1.86,1.6
2022-12-03,E124,Team C,10,8.374114475776954,95.74,Deployment,High,2.78,2.07
2022-12-03,E125,Team C,4,9.685571335133584,96.62,Feature Development,Medium,0.13,0.27
2022-12-03,E126,Team D,7,6.330341152244371,65.26,Documentation,High,1.56,1.08
2022-12-03,E127,Team A,8,9.159237411065439,80.55,Code Review,Low,1.24,3.47
2022-12-04,E123,Team D,1,8.816864107904982,68.42,Deployment,Medium,2.94,3.64
2022-12-04,E124,Team C,8,7.269710171975423,90.22,Security Patching,High,2.89,0.15
2022-12-04,E125,Team A,5,8.766539688451155,92.62,Documentation,High,1.95,1.79
2022-12-04,E126,Team C,3,8.131815965991377,76.87,Deployment,Low,2.79,2.36
2022-12-04,E127,Team A,9,6.882150257108105,79.16,Feature Development,Low,0.13,0.65
2022-12-05,E123,Team A,4,8.80868969230054,85.15,User Support,Medium,1.05,0.56
2022-12-05,E124,Team D,6,7.908166180934762,96.77,System Maintenance,High,1.08,1.36
2022-12-05,E125,Team B,4,6.058200982396826,73.57,Database Optimization,Low,1.13,0.98
2022-12-05,E126,Team C,6,7.152025747788597,69.73,Feature Development,High,2.83,3.24
2022-12-05,E127,Team C,2,9.80131873861055,98.71,Feature Development,Low,2.59,0.96
2022-12-06,E123,Team D,3,6.6788008016818985,74.81,Bug Fix,High,1.13,0.32
2022-12-06,E124,Team C,8,9.051693502687224,78.97,Bug Fix,High,1.4,1.69
2022-12-06,E125,Team C,4,7.1315718277652,77.87,Feature Development,Medium,0.98,0.32
2022-12-06,E126,Team D,6,8.689078934184252,67.67,Documentation,High,0.94,2.58
2022-12-06,E127,Team B,7,7.006886096246843,78.65,Documentation,High,0.84,3.02
2022-12-07,E123,Team C,1,9.417460443612994,63.71,Bug Fix,Low,2.39,0.36
2022-12-07,E124,Team A,1,6.777882146450057,61.51,Code Review,Low,1.98,3.3
2022-12-07,E125,Team B,6,9.262513494151502,60.39,User Support,Low,1.2,1.08
2022-12-07,E126,Team B,1,7.374048935234228,68.16,Deployment,Low,1.55,0.83
2022-12-07,E127,Team A,10,7.976750443955362,99.11,Database Optimization,High,2.12,0.39
2022-12-08,E123,Team C,1,7.927979634492267,77.79,Bug Fix,High,0.67,0.54
2022-12-08,E124,Team D,5,7.296361958948047,71.0,Documentation,High,0.53,2.15
2022-12-08,E125,Team B,6,9.674352055705526,80.45,Code Review,Medium,2.57,3.6
2022-12-08,E126,Team A,7,6.509665405317316,91.85,User Support,Low,0.91,2.89
2022-12-08,E127,Team C,9,9.877853505466044,70.31,Code Review,High,2.22,0.2
2022-12-09,E123,Team C,2,8.757158600863821,71.16,Code Review,High,1.43,3.38
2022-12-09,E124,Team D,9,7.398369535717219,82.75,Deployment,High,1.33,3.66
2022-12-09,E125,Team B,5,8.451340213487667,94.82,Documentation,Medium,0.97,2.54
2022-12-09,E126,Team A,6,8.714719730345283,63.0,Feature Development,Medium,1.32,3.46
2022-12-09,E127,Team D,10,6.169688270830789,73.2,Feature Development,Medium,1.17,1.33
2022-12-10,E123,Team C,1,9.675724939945198,63.09,Documentation,Medium,2.91,0.75
2022-12-10,E124,Team B,8,7.686620916754744,68.37,User Support,Low,2.58,0.09
2022-12-10,E125,Team B,5,9.188504070837599,77.84,Deployment,High,1.98,0.35
2022-12-10,E126,Team C,10,8.640142504039396,61.89,Deployment,Medium,2.18,2.84
2022-12-10,E127,Team D,5,7.968150286122727,92.16,Testing,High,0.53,1.98
2022-12-11,E123,Team A,9,7.321687329116475,63.96,Code Review,High,2.83,2.37
2022-12-11,E124,Team B,2,6.580888209333751,94.91,System Maintenance,Medium,0.86,2.14
2022-12-11,E125,Team B,5,6.783420882895879,99.96,Bug Fix,High,1.3,0.94
2022-12-11,E126,Team C,5,6.189332164198282,91.54,Testing,Medium,1.89,2.91
2022-12-11,E127,Team B,3,7.030621730367503,93.04,Security Patching,High,1.83,3.31
2022-12-12,E123,Team C,7,9.414497456519262,91.21,Security Patching,Medium,2.73,0.03
2022-12-12,E124,Team C,8,7.710682643848044,90.5,User Support,Medium,2.8,1.79
2022-12-12,E125,Team D,5,9.791019149183857,96.37,User Support,Low,2.65,1.39
2022-12-12,E126,Team B,6,7.930137688071397,60.93,Code Review,Low,0.19,3.08
2022-12-12,E127,Team D,3,9.810791097471089,62.25,Testing,High,0.27,0.5
2022-12-13,E123,Team B,6,6.01527421448978,71.63,Documentation,Low,0.81,1.44
2022-12-13,E124,Team B,3,7.551148088553367,75.84,Bug Fix,Medium,1.16,2.26
2022-12-13,E125,Team D,6,6.805403326050182,74.69,System Maintenance,Low,2.5,3.37
2022-12-13,E126,Team A,7,8.807679884446996,80.55,Code Review,Low,2.23,0.63
2022-12-13,E127,Team C,7,6.644416648663717,75.47,User Support,Medium,2.27,2.53
2022-12-14,E123,Team C,5,6.02457337620662,72.02,Database Optimization,Low,2.36,1.99
2022-12-14,E124,Team C,7,8.394872907416556,96.49,Security Patching,Low,0.4,0.67
2022-12-14,E125,Team C,10,8.148868525796239,89.77,Deployment,Low,2.14,0.89
2022-12-14,E126,Team D,3,8.474378579490612,76.46,Deployment,Low,0.77,1.45
2022-12-14,E127,Team D,10,8.529727272411609,94.51,Bug Fix,Medium,1.25,2.39
2022-12-15,E123,Team A,5,6.843534097440065,69.6,Database Optimization,Medium,2.34,2.53
2022-12-15,E124,Team A,7,6.836307576932738,97.31,System Maintenance,Low,0.14,3.21
2022-12-15,E125,Team C,5,7.57457525953968,83.09,User Support,Low,2.43,2.31
2022-12-15,E126,Team B,6,6.393246134880329,96.27,Bug Fix,High,2.75,0.77
2022-12-15,E127,Team D,10,8.251988558638315,68.87,Documentation,High,1.36,1.48
2022-12-16,E123,Team A,2,6.665615353982058,91.01,System Maintenance,Medium,2.42,1.47
2022-12-16,E124,Team B,3,8.832288602644306,69.03,Security Patching,Low,1.87,0.38
2022-12-16,E125,Team A,3,9.436483696887025,74.42,System Maintenance,High,1.85,0.04
2022-12-16,E126,Team B,1,7.467952855877655,87.31,Database Optimization,Low,2.38,3.94
2022-12-16,E127,Team A,9,6.814831976154881,70.59,Database Optimization,High,1.94,0.85
2022-12-17,E123,Team B,6,7.517737906190707,63.9,Testing,Low,2.96,2.45
2022-12-17,E124,Team B,6,9.473709977585521,60.11,Testing,High,0.52,0.54
2022-12-17,E125,Team D,7,7.752131960706818,91.37,Feature Development,Medium,2.57,0.18
2022-12-17,E126,Team D,7,7.722576264595849,65.32,Security Patching,Medium,1.6,1.21
2022-12-17,E127,Team A,6,7.9362819518440535,79.15,Code Review,Low,0.8,3.34
2022-12-18,E123,Team B,4,9.513870752628282,63.43,Security Patching,Medium,0.63,2.73
2022-12-18,E124,Team B,7,6.256017609837623,72.71,User Support,Medium,0.06,3.01
2022-12-18,E125,Team D,8,8.588783242964158,68.44,Deployment,Low,2.94,3.2
2022-12-18,E126,Team C,8,7.842904606513408,86.62,System Maintenance,Low,2.99,2.88
2022-12-18,E127,Team C,2,8.691412184994537,75.1,Security Patching,High,1.6,2.63
2022-12-19,E123,Team A,5,9.832134351308099,94.18,User Support,Low,0.07,0.1
2022-12-19,E124,Team A,9,7.871580506453249,88.34,System Maintenance,Medium,2.5,3.09
2022-12-19,E125,Team B,5,8.262674903613364,63.52,Deployment,Medium,1.85,1.51
2022-12-19,E126,Team A,5,7.813255413827332,72.62,Code Review,High,1.83,0.3
2022-12-19,E127,Team A,7,8.33298772495371,67.73,Feature Development,High,1.9,0.02
2022-12-20,E123,Team D,5,7.031582176344932,65.04,User Support,High,1.35,1.2
2022-12-20,E124,Team D,10,7.83407606000134,63.4,User Support,Medium,2.45,3.83
2022-12-20,E125,Team A,5,6.024059791603065,67.84,Feature Development,Medium,1.46,2.47
2022-12-20,E126,Team B,10,7.209249983705905,75.51,Feature Development,Low,2.67,2.29
2022-12-20,E127,Team A,10,9.196140808799033,73.56,Deployment,Low,2.45,0.1
2022-12-21,E123,Team A,10,9.741482437838904,72.71,System Maintenance,High,2.98,2.53
2022-12-21,E124,Team B,5,7.7576805190423235,63.61,Feature Development,High,0.06,1.51
2022-12-21,E125,Team C,10,9.871573906308804,90.75,Documentation,High,0.79,1.12
2022-12-21,E126,Team D,8,6.844339814379861,83.2,Deployment,Medium,1.03,0.71
2022-12-21,E127,Team C,10,6.140288022985926,93.11,Testing,Medium,1.59,2.84
2022-12-22,E123,Team A,10,6.960670597943427,89.33,User Support,Low,2.12,3.38
2022-12-22,E124,Team C,7,8.416136311673442,83.86,User Support,High,0.71,0.39
2022-12-22,E125,Team D,8,8.353662274715074,98.76,Database Optimization,High,1.35,3.95
2022-12-22,E126,Team A,1,6.568297968045008,74.66,Code Review,High,2.1,1.46
2022-12-22,E127,Team D,9,6.62496015709846,84.64,Documentation,High,1.57,2.9
2022-12-23,E123,Team C,1,7.793569855816315,96.86,User Support,Medium,2.2,1.8
2022-12-23,E124,Team A,9,8.782960316158372,68.65,Documentation,High,1.35,3.87
2022-12-23,E125,Team A,10,8.994784813403161,68.9,Feature Development,High,0.59,3.11
2022-12-23,E126,Team A,9,7.642022538649815,89.53,Testing,High,0.55,1.76
2022-12-23,E127,Team D,3,9.334084158867917,63.04,Security Patching,High,1.16,2.83
2022-12-24,E123,Team C,4,9.674748717350106,72.71,Bug Fix,High,1.8,1.75
2022-12-24,E124,Team D,6,6.553452063882061,66.45,Documentation,Low,0.94,3.75
2022-12-24,E125,Team D,4,8.988609822501335,72.59,System Maintenance,Medium,0.1,1.27
2022-12-24,E126,Team B,8,9.321664975694672,77.74,Feature Development,Low,1.17,2.46
2022-12-24,E127,Team A,5,8.284887572617126,85.51,User Support,Medium,0.95,3.46
2022-12-25,E123,Team C,6,9.85054920482132,99.43,Security Patching,Medium,2.79,3.18
2022-12-25,E124,Team A,6,7.567250856751254,80.06,Testing,Medium,2.39,3.92
2022-12-25,E125,Team B,3,7.225903953681177,64.46,User Support,High,1.35,1.3
2022-12-25,E126,Team C,2,9.797299181840721,79.57,System Maintenance,Medium,0.99,2.0
2022-12-25,E127,Team D,6,7.028155161249603,81.25,Testing,Low,1.07,3.3
2022-12-26,E123,Team B,8,9.491918506995258,97.0,Feature Development,High,2.1,3.22
2022-12-26,E124,Team D,2,6.349900532969972,83.93,User Support,High,0.52,0.41
2022-12-26,E125,Team A,1,7.6695836309806555,63.87,Documentation,Medium,1.25,0.8
2022-12-26,E126,Team C,5,8.986402113526461,95.41,Testing,Medium,0.47,1.01
2022-12-26,E127,Team B,10,9.591393461560108,99.78,System Maintenance,High,2.11,3.61
2022-12-27,E123,Team C,8,6.961023555006754,95.39,Testing,Medium,0.18,0.94
2022-12-27,E124,Team D,1,6.272757437234025,85.81,Bug Fix,Medium,2.16,1.5
2022-12-27,E125,Team B,7,6.42565917565403,66.8,Database Optimization,Low,2.31,0.62
2022-12-27,E126,Team B,3,7.443362449646989,76.74,Security Patching,Medium,0.53,2.08
2022-12-27,E127,Team A,8,7.977235640556243,97.34,Security Patching,High,2.23,3.43
2022-12-28,E123,Team A,2,6.580385140396702,62.38,Documentation,Medium,0.09,0.42
2022-12-28,E124,Team A,5,6.801347214806942,76.94,Documentation,High,1.6,3.38
2022-12-28,E125,Team A,2,7.296696443680398,77.58,System Maintenance,High,0.14,0.37
2022-12-28,E126,Team B,5,6.567196318848074,97.87,Database Optimization,High,2.81,0.9
2022-12-28,E127,Team B,2,9.902399523092345,79.22,Testing,Medium,2.3,2.49
2022-12-29,E123,Team C,1,8.141929469533276,74.97,Testing,Low,2.7,2.91
2022-12-29,E124,Team A,8,8.134897120622371,90.18,User Support,Medium,1.08,2.15
2022-12-29,E125,Team C,2,9.30631541266912,88.7,Code Review,High,1.24,3.23
2022-12-29,E126,Team B,1,9.855852203494216,80.78,Deployment,High,1.95,2.26
2022-12-29,E127,Team A,1,6.124325943295213,93.48,Bug Fix,Low,0.97,3.29
2022-12-30,E123,Team C,8,8.079992237577272,99.56,Documentation,Low,2.8,0.94
2022-12-30,E124,Team A,8,9.198953254661614,62.14,Documentation,High,0.97,0.55
2022-12-30,E125,Team D,8,8.275639234657381,75.38,Code Review,Low,2.53,2.32
2022-12-30,E126,Team C,3,6.6542893222370365,61.66,Security Patching,Medium,1.95,1.26
2022-12-30,E127,Team B,1,6.299132721289794,75.33,Bug Fix,Low,1.91,1.46
2022-12-31,E123,Team B,6,9.53104097322712,60.7,Code Review,High,2.12,1.47
2022-12-31,E124,Team B,3,6.525115277650711,72.18,Deployment,Low,1.18,0.86
2022-12-31,E125,Team A,2,6.855053215152517,76.7,Documentation,High,0.33,1.84
2022-12-31,E126,Team A,3,8.422051654902612,73.29,Documentation,Medium,1.86,1.61
2022-12-31,E127,Team D,5,8.490355518484932,99.81,Deployment,High,0.21,2.07
2023-01-01,E123,Team B,3,7.088865679636563,75.04,Bug Fix,High,0.12,0.21
2023-01-01,E124,Team B,5,7.912800009328812,82.18,Database Optimization,High,0.61,0.74
2023-01-01,E125,Team C,1,6.595538945936086,86.03,Deployment,Low,0.14,2.17
2023-01-01,E126,Team D,5,9.171853058086983,77.98,Database Optimization,High,1.85,1.24
2023-01-01,E127,Team C,2,9.037259982283729,69.5,Bug Fix,High,1.49,0.5
2023-01-02,E123,Team D,9,8.071605445379708,71.9,Database Optimization,Low,0.38,3.85
2023-01-02,E124,Team B,3,6.4987677641675825,60.78,Testing,Low,1.24,3.45
2023-01-02,E125,Team C,5,9.562021972064674,87.36,Code Review,Low,0.49,3.63
2023-01-02,E126,Team B,6,6.258024189050282,80.48,Security Patching,Low,0.6,2.0
2023-01-02,E127,Team D,7,8.70720386266991,84.79,Documentation,Low,2.61,0.99
2023-01-03,E123,Team D,9,7.752955146629283,79.78,Code Review,Medium,1.25,3.45
2023-01-03,E124,Team C,4,7.51995148073452,75.68,Feature Development,High,2.56,3.32
2023-01-03,E125,Team D,8,7.8752057315444866,86.25,User Support,Medium,0.69,1.94
2023-01-03,E126,Team C,2,9.232968636091112,93.01,User Support,High,1.54,0.65
2023-01-03,E127,Team B,7,8.253501511217717,73.06,Documentation,Medium,2.67,1.93
2023-01-04,E123,Team D,9,6.982863311211855,94.85,Code Review,Medium,0.2,0.4
2023-01-04,E124,Team C,1,6.837423724194951,75.61,Documentation,High,2.88,2.53
2023-01-04,E125,Team C,9,7.39172893886013,66.12,Code Review,Medium,1.99,0.06
2023-01-04,E126,Team C,1,9.85736349042386,74.32,User Support,Medium,0.83,1.89
2023-01-04,E127,Team C,10,7.865063103412555,72.81,Database Optimization,High,0.85,1.37
2023-01-05,E123,Team D,6,9.526307290454639,84.58,Deployment,Low,1.36,0.23
2023-01-05,E124,Team C,3,6.859841395805679,95.88,Security Patching,High,2.23,2.39
2023-01-05,E125,Team B,6,7.731328804304207,77.84,Database Optimization,Low,1.36,0.27
2023-01-05,E126,Team D,1,9.481026601019003,95.89,Testing,Medium,0.54,1.16
2023-01-05,E127,Team A,6,6.033657573149742,99.4,Feature Development,Low,0.0,2.61
2023-01-06,E123,Team A,10,6.615960201169156,94.94,Documentation,Medium,2.35,1.68
2023-01-06,E124,Team D,9,9.934668013045876,77.08,Deployment,Low,1.82,1.94
2023-01-06,E125,Team C,7,9.04218189028299,85.67,System Maintenance,Medium,1.69,1.49
2023-01-06,E126,Team D,1,7.5035559957527465,62.51,Code Review,Medium,0.19,3.95
2023-01-06,E127,Team D,6,9.378107236583585,65.51,Bug Fix,High,1.13,0.67
2023-01-07,E123,Team B,10,8.480550648536369,69.55,System Maintenance,Medium,1.87,3.53
2023-01-07,E124,Team C,6,8.413420562352847,60.48,User Support,High,1.24,2.68
2023-01-07,E125,Team C,5,9.46569538167166,82.31,Code Review,Low,2.64,0.21
2023-01-07,E126,Team C,2,6.882065309175005,63.24,Documentation,Medium,1.64,3.19
2023-01-07,E127,Team C,7,6.683740510522626,75.71,Code Review,Medium,0.24,3.05
2023-01-08,E123,Team A,5,7.494216345953777,84.76,Bug Fix,High,1.14,2.86
2023-01-08,E124,Team C,6,6.196932910755482,61.78,Code Review,High,1.08,1.88
2023-01-08,E125,Team B,10,8.485688060167005,98.61,Testing,Medium,1.57,2.33
2023-01-08,E126,Team D,10,7.561307959291225,97.49,Bug Fix,Low,0.05,0.28
2023-01-08,E127,Team C,6,6.022613222742924,80.59,Bug Fix,Medium,0.88,0.16
2023-01-09,E123,Team A,2,6.206104796159081,82.31,Database Optimization,High,0.69,3.5
2023-01-09,E124,Team C,5,9.93454748216398,90.87,User Support,Low,0.85,1.49
2023-01-09,E125,Team C,10,9.663563191178998,72.9,Bug Fix,High,1.49,0.03
2023-01-09,E126,Team B,8,8.724832375168237,72.49,Bug Fix,Low,1.86,1.82
2023-01-09,E127,Team A,4,8.673152709962078,72.06,Code Review,High,0.95,1.52
2023-01-10,E123,Team B,9,9.287929894982097,71.41,Database Optimization,High,0.84,3.15
2023-01-10,E124,Team B,4,9.600829191611892,74.86,Security Patching,Low,1.08,1.98
2023-01-10,E125,Team D,7,8.647833220513942,71.54,Deployment,Medium,1.49,1.83
2023-01-10,E126,Team C,1,8.300447894172866,64.73,Code Review,High,1.86,2.26
2023-01-10,E127,Team C,6,9.133236668710584,81.68,System Maintenance,Low,0.82,0.38
2023-01-11,E123,Team D,10,7.046408271973355,70.83,User Support,Medium,1.32,3.1
2023-01-11,E124,Team B,8,7.912336212910763,60.14,Code Review,High,1.56,3.16
2023-01-11,E125,Team B,9,7.174206006392172,99.16,Testing,High,1.41,0.56
2023-01-11,E126,Team A,7,8.397536137941126,79.4,Security Patching,High,0.61,2.79
2023-01-11,E127,Team C,6,7.846842586369926,94.67,Security Patching,Medium,2.7,1.8
2023-01-12,E123,Team C,8,6.643811855366875,91.91,Bug Fix,Low,0.81,2.22
2023-01-12,E124,Team B,10,9.632212880141719,86.45,System Maintenance,High,2.2,3.36
2023-01-12,E125,Team B,7,7.206763438006856,75.88,Security Patching,High,0.43,2.62
2023-01-12,E126,Team B,10,6.126007752073163,98.81,User Support,High,0.52,0.2
2023-01-12,E127,Team C,2,9.688346848571218,91.66,Documentation,High,1.79,2.15
2023-01-13,E123,Team A,5,9.050405102158035,94.32,Documentation,Medium,2.08,2.11
2023-01-13,E124,Team B,4,9.021139374115151,62.86,Feature Development,Low,0.07,2.21
2023-01-13,E125,Team A,9,6.741059880568048,88.61,Testing,High,1.18,0.18
2023-01-13,E126,Team D,4,7.7577709855125825,82.03,Database Optimization,Low,2.37,1.21
2023-01-13,E127,Team C,8,7.376849831118959,61.48,System Maintenance,High,0.88,1.2
2023-01-14,E123,Team C,2,9.027123686257877,76.73,Deployment,High,2.91,2.12
2023-01-14,E124,Team C,5,8.673387598614484,64.23,System Maintenance,Low,1.72,1.59
2023-01-14,E125,Team B,4,9.896972982793525,74.61,Code Review,Medium,0.44,2.73
2023-01-14,E126,Team A,3,8.397561579021573,65.42,Code Review,Low,1.48,3.95
2023-01-14,E127,Team C,3,6.334675656977344,93.57,Code Review,High,2.62,2.37
2023-01-15,E123,Team D,8,6.612675284104871,83.91,System Maintenance,High,0.67,2.48
2023-01-15,E124,Team A,5,9.420867310310147,80.07,Code Review,Low,0.14,3.54
2023-01-15,E125,Team B,9,6.664842381684576,86.21,Security Patching,Medium,2.9,1.54
2023-01-15,E126,Team B,4,7.317877170183442,66.6,Deployment,Low,2.56,0.7
2023-01-15,E127,Team C,10,8.607276082913831,79.65,Bug Fix,Low,1.38,3.86
2023-01-16,E123,Team B,6,8.275074159471798,98.88,Documentation,High,2.42,1.64
2023-01-16,E124,Team D,6,8.891613943024161,88.31,User Support,Medium,1.72,2.97
2023-01-16,E125,Team A,9,6.5712883775229995,79.14,Feature Development,High,1.46,1.36
2023-01-16,E126,Team A,1,6.2073125601514665,69.86,Testing,Low,1.84,2.51
2023-01-16,E127,Team A,10,9.039308334244314,92.28,Deployment,High,0.3,2.58
2023-01-17,E123,Team D,1,6.543107593511744,78.32,System Maintenance,High,1.66,1.41
2023-01-17,E124,Team C,10,7.3992568472477025,93.21,Security Patching,Medium,2.24,0.87
2023-01-17,E125,Team A,7,6.003997419605712,73.49,User Support,High,1.71,2.2
2023-01-17,E126,Team B,1,9.720744111929482,64.75,Security Patching,Medium,0.87,3.14
2023-01-17,E127,Team A,9,9.311861383174298,74.56,Security Patching,High,2.04,2.28
2023-01-18,E123,Team D,5,9.503010937726527,80.56,Bug Fix,High,1.33,2.49
2023-01-18,E124,Team C,5,8.06941078250367,86.16,Code Review,Low,1.24,1.22
2023-01-18,E125,Team D,4,9.63515921365088,73.18,Bug Fix,High,0.32,2.54
2023-01-18,E126,Team D,8,8.221714739005945,66.75,Security Patching,Medium,0.54,2.87
2023-01-18,E127,Team B,5,7.379293772537135,62.98,Testing,Low,1.93,3.37
2023-01-19,E123,Team C,6,9.774573132528978,85.99,User Support,Low,2.73,1.43
2023-01-19,E124,Team A,3,8.167654281125788,94.59,Bug Fix,High,0.55,3.11
2023-01-19,E125,Team A,10,9.554698180908652,64.76,Documentation,Medium,1.91,0.96
2023-01-19,E126,Team C,8,7.685958215896999,74.86,User Support,High,1.9,3.5
2023-01-19,E127,Team D,8,8.593668894916055,62.19,Database Optimization,Medium,2.77,1.29
2023-01-20,E123,Team D,8,8.12925429789421,80.92,Bug Fix,Medium,1.58,1.53
2023-01-20,E124,Team A,7,7.96939322236301,68.32,Database Optimization,Low,2.4,1.92
2023-01-20,E125,Team A,5,6.969138755846728,88.94,User Support,High,0.19,3.91
2023-01-20,E126,Team B,8,6.249044286796998,82.85,Security Patching,High,2.25,0.56
2023-01-20,E127,Team C,1,8.163665412191534,65.68,Bug Fix,Medium,2.69,2.95
2023-01-21,E123,Team B,5,8.198176046980546,86.49,User Support,Low,0.25,3.22
2023-01-21,E124,Team A,2,6.852071339161752,75.93,User Support,Low,2.11,2.04
2023-01-21,E125,Team C,5,9.534129798460437,72.06,Database Optimization,High,0.92,1.85
2023-01-21,E126,Team C,1,7.012023663738881,77.2,Database Optimization,Low,1.44,0.83
2023-01-21,E127,Team D,4,8.29648448429103,90.63,Deployment,High,0.78,3.58
2023-01-22,E123,Team C,3,9.842509247549748,89.01,Bug Fix,Low,0.9,0.59
2023-01-22,E124,Team A,2,9.787499810602206,73.78,Code Review,Medium,0.54,2.7
2023-01-22,E125,Team A,6,6.503528371235266,64.24,Feature Development,Medium,2.68,3.18
2023-01-22,E126,Team C,5,6.810519950298858,85.01,Feature Development,Low,1.77,0.14
2023-01-22,E127,Team C,1,7.3770553601044995,62.74,User Support,High,2.37,0.58
2023-01-23,E123,Team A,6,8.438774253475794,92.36,Feature Development,Low,2.2,0.79
2023-01-23,E124,Team A,6,8.92672129506974,79.87,Deployment,Medium,1.05,3.18
2023-01-23,E125,Team A,10,9.91100108308011,88.48,Feature Development,Low,0.63,2.83
2023-01-23,E126,Team B,8,9.410429976099833,68.1,User Support,High,2.83,2.93
2023-01-23,E127,Team B,3,8.838683011218677,86.02,Code Review,Medium,0.14,0.24
2023-01-24,E123,Team B,3,8.95006342104328,70.8,Documentation,Low,0.94,1.89
2023-01-24,E124,Team C,1,9.130567156325212,79.83,Security Patching,High,2.98,1.49
2023-01-24,E125,Team B,6,6.828562071722225,78.07,Documentation,High,0.74,0.82
2023-01-24,E126,Team A,2,9.61082328845513,87.63,Documentation,Low,0.61,0.06
2023-01-24,E127,Team B,3,7.308080042708884,79.0,Documentation,High,1.39,3.1
2023-01-25,E123,Team D,5,6.775971445835487,68.62,Feature Development,Low,2.6,2.41
2023-01-25,E124,Team B,7,9.952504223377058,78.25,User Support,Low,2.12,0.21
2023-01-25,E125,Team A,6,6.986637585791132,90.78,Feature Development,High,2.95,0.87
2023-01-25,E126,Team A,4,9.948521732687407,62.74,Code Review,Low,0.9,0.21
2023-01-25,E127,Team C,3,6.903530423837213,68.75,Deployment,Medium,2.93,2.41
2023-01-26,E123,Team A,7,7.635786318974072,73.6,Testing,Low,2.55,2.71
2023-01-26,E124,Team D,5,6.112972846954603,69.1,User Support,High,1.43,0.19
2023-01-26,E125,Team B,4,6.2106635335712035,99.93,Feature Development,High,1.23,3.47
2023-01-26,E126,Team A,10,7.887266418780602,77.06,Code Review,Low,1.67,2.68
2023-01-26,E127,Team C,6,8.789801705804834,63.07,Code Review,Medium,1.33,0.6
2023-01-27,E123,Team C,1,6.957902244799824,72.69,Documentation,High,2.65,3.69
2023-01-27,E124,Team D,7,9.58701845172432,61.41,Testing,Medium,0.62,3.42
2023-01-27,E125,Team C,10,9.328472683382966,73.34,Testing,High,2.1,1.0
2023-01-27,E126,Team D,3,6.466937687598133,77.86,Documentation,High,0.43,3.3
2023-01-27,E127,Team D,9,6.873819071297717,82.17,Deployment,Medium,0.07,0.2
2023-01-28,E123,Team D,1,8.081526480577361,66.17,Documentation,Low,0.98,2.27
2023-01-28,E124,Team B,5,9.910342164836626,99.84,User Support,High,2.67,2.85
2023-01-28,E125,Team B,3,9.703265355898104,66.67,Bug Fix,Low,2.97,1.63
2023-01-28,E126,Team B,3,8.373516334661502,73.05,Testing,High,2.4,0.55
2023-01-28,E127,Team D,2,7.293502420851655,77.4,Documentation,High,1.91,0.6
2023-01-29,E123,Team C,3,7.780119192783206,93.22,User Support,Low,0.39,3.25
2023-01-29,E124,Team D,6,9.805395370162683,92.75,Bug Fix,Medium,1.52,0.01
2023-01-29,E125,Team A,6,8.692956505216841,71.61,Code Review,Low,2.47,3.18
2023-01-29,E126,Team D,1,9.636817052397827,86.78,Testing,Medium,1.36,3.53
2023-01-29,E127,Team B,10,8.994171620629096,70.3,Deployment,Medium,0.12,0.24
2023-01-30,E123,Team C,3,6.138127691962783,85.93,Deployment,Medium,1.5,2.76
2023-01-30,E124,Team A,6,9.27260884799361,96.85,Documentation,High,1.35,0.55
2023-01-30,E125,Team B,7,7.9297025804324885,82.98,System Maintenance,Medium,2.8,2.72
2023-01-30,E126,Team D,5,6.6842643260650405,64.79,System Maintenance,Low,2.93,3.99
2023-01-30,E127,Team A,3,6.013300365338107,96.37,Documentation,Medium,0.51,0.96
2023-01-31,E123,Team A,3,8.521345134232277,73.2,Documentation,High,1.56,2.68
2023-01-31,E124,Team A,10,8.147160977505834,72.02,Database Optimization,Medium,0.65,0.85
2023-01-31,E125,Team D,1,8.678107231252827,77.58,Feature Development,Low,0.15,3.92
2023-01-31,E126,Team A,8,8.65679196836828,89.95,Deployment,Medium,0.36,1.09
2023-01-31,E127,Team C,3,7.290491693251578,73.28,Documentation,Low,1.79,1.11
2023-02-01,E123,Team D,3,6.052696360705228,95.05,Security Patching,Medium,0.87,1.57
2023-02-01,E124,Team C,7,9.494850069548237,99.94,Database Optimization,High,2.75,3.81
2023-02-01,E125,Team C,2,9.935273342199089,98.58,Bug Fix,Medium,0.9,2.71
2023-02-01,E126,Team C,6,9.33665455826943,76.75,User Support,Low,0.38,2.64
2023-02-01,E127,Team D,8,8.24525849603502,83.8,Code Review,Low,0.91,1.4
2023-02-02,E123,Team D,8,7.094176644160703,81.68,Database Optimization,High,2.59,2.52
2023-02-02,E124,Team B,3,9.9516785666506,88.98,Database Optimization,High,0.64,3.19
2023-02-02,E125,Team C,2,8.528510696751814,91.7,Bug Fix,Medium,2.27,3.16
2023-02-02,E126,Team A,9,9.600994599518728,85.95,Bug Fix,Low,2.72,0.75
2023-02-02,E127,Team B,3,7.871865232632552,77.15,User Support,High,0.39,1.19
2023-02-03,E123,Team D,2,6.437783233313093,62.8,Bug Fix,Medium,0.04,3.64
2023-02-03,E124,Team B,7,7.081879482123638,86.82,Bug Fix,High,1.02,2.5
2023-02-03,E125,Team D,5,9.756610364302054,93.81,System Maintenance,Low,2.22,3.18
2023-02-03,E126,Team C,5,8.238538559652238,85.84,Bug Fix,Low,1.65,3.19
2023-02-03,E127,Team B,1,6.076854156354851,61.64,Deployment,Low,2.16,1.54
2023-02-04,E123,Team B,1,9.583990358203927,79.34,System Maintenance,Low,0.87,3.96
2023-02-04,E124,Team C,8,9.722733267663088,85.31,Deployment,Low,1.76,1.15
2023-02-04,E125,Team C,7,6.915922921453456,95.34,Code Review,High,1.7,2.67
2023-02-04,E126,Team B,2,7.639144321602174,95.51,Bug Fix,Low,1.47,0.39
2023-02-04,E127,Team D,10,7.408059290053854,94.25,Security Patching,Low,0.78,0.6
2023-02-05,E123,Team B,3,9.31551396758651,87.6,System Maintenance,Low,1.56,3.81
2023-02-05,E124,Team D,7,9.11249938545095,62.82,System Maintenance,Medium,0.58,0.64
2023-02-05,E125,Team D,1,8.510278141257636,68.74,Deployment,High,1.93,3.37
2023-02-05,E126,Team C,10,7.358188480632226,92.31,Code Review,Medium,0.99,0.16
2023-02-05,E127,Team A,6,7.740704612493781,73.56,Feature Development,High,1.85,1.71
2023-02-06,E123,Team D,8,7.665289708145519,96.17,User Support,Medium,2.54,1.33
2023-02-06,E124,Team C,6,8.99792918731156,95.62,Bug Fix,Low,2.93,2.98
2023-02-06,E125,Team D,9,7.300574118535527,73.39,Feature Development,Low,1.79,0.31
2023-02-06,E126,Team A,6,8.565333373796324,82.19,Feature Development,Medium,2.74,3.97
2023-02-06,E127,Team C,5,6.948204386866484,82.12,Documentation,Medium,0.92,3.99
2023-02-07,E123,Team C,1,9.339219703898662,94.46,Bug Fix,Low,0.33,0.22
2023-02-07,E124,Team C,9,9.466151374525262,65.09,Code Review,Low,1.04,0.93
2023-02-07,E125,Team C,2,6.004549942867797,99.58,System Maintenance,Medium,2.85,3.39
2023-02-07,E126,Team D,8,9.926226221062068,82.07,Code Review,Medium,1.96,1.2
2023-02-07,E127,Team A,9,8.911243777975757,66.08,Bug Fix,High,2.58,2.79
2023-02-08,E123,Team C,2,8.82341306947259,63.27,Security Patching,Low,2.55,3.58
2023-02-08,E124,Team A,1,6.595943984248277,91.14,Code Review,High,2.82,3.31
2023-02-08,E125,Team C,1,7.578490094757704,74.76,Documentation,Low,1.98,2.02
2023-02-08,E126,Team D,1,6.3591129049077235,68.96,Deployment,Low,2.93,3.78
2023-02-08,E127,Team D,5,8.661630286631766,64.49,Feature Development,High,2.24,2.74
2023-02-09,E123,Team B,4,7.418532674579497,84.61,Deployment,Medium,0.98,2.73
2023-02-09,E124,Team C,6,9.28047857483393,62.03,System Maintenance,Low,1.06,1.05
2023-02-09,E125,Team B,6,8.470800846149926,87.41,System Maintenance,Low,0.62,3.54
2023-02-09,E126,Team C,2,7.332316811058929,98.98,Documentation,Low,2.89,3.59
2023-02-09,E127,Team D,6,8.198236009359501,97.64,Deployment,Medium,2.0,3.04
2023-02-10,E123,Team D,2,9.697187533686945,78.64,System Maintenance,High,2.88,2.08
2023-02-10,E124,Team C,8,8.406426211649011,60.02,Deployment,Low,2.68,1.61
2023-02-10,E125,Team C,5,7.274359386439867,92.4,Code Review,Medium,0.71,1.42
2023-02-10,E126,Team B,6,6.438216351680742,81.04,Database Optimization,Low,1.51,3.29
2023-02-10,E127,Team A,3,6.495405775611522,97.99,Testing,Low,2.65,1.65
2023-02-11,E123,Team C,10,8.403273833124741,83.94,Security Patching,Medium,1.51,0.02
2023-02-11,E124,Team C,2,9.583128970136045,81.7,Documentation,Low,0.55,2.17
2023-02-11,E125,Team A,5,6.983285879248388,81.11,Feature Development,High,0.7,3.83
2023-02-11,E126,Team D,9,6.56047247090131,95.4,Testing,High,2.28,3.31
2023-02-11,E127,Team A,8,6.102611328279843,68.04,Feature Development,Low,1.88,0.07
2023-02-12,E123,Team B,9,6.5515502640020316,84.11,System Maintenance,Low,2.29,0.63
2023-02-12,E124,Team B,5,6.693224707637519,61.07,Bug Fix,Medium,1.72,1.5
2023-02-12,E125,Team A,5,8.450868532044158,99.97,Feature Development,Medium,1.09,1.37
2023-02-12,E126,Team A,2,7.591787137317207,72.4,Security Patching,Medium,1.35,1.57
2023-02-12,E127,Team B,9,6.328253093815523,85.97,Documentation,Low,0.6,2.97
2023-02-13,E123,Team A,7,6.071897844169676,78.87,Deployment,Low,2.16,2.68
2023-02-13,E124,Team A,4,8.8938325350684,73.3,Deployment,Medium,1.39,3.65
2023-02-13,E125,Team D,7,6.393241438870465,80.23,Code Review,Low,2.02,2.32
2023-02-13,E126,Team B,2,9.246091973275787,97.76,Database Optimization,High,1.33,0.47
2023-02-13,E127,Team B,10,6.910637332728474,64.75,User Support,Medium,2.3,2.9
2023-02-14,E123,Team A,4,9.858439974757227,76.36,Testing,High,1.33,3.75
2023-02-14,E124,Team D,9,6.842220315850774,78.66,User Support,Medium,2.04,0.43
2023-02-14,E125,Team A,4,7.2871237442062125,86.54,Testing,Medium,0.39,1.61
2023-02-14,E126,Team B,2,9.159743554343097,79.75,System Maintenance,High,1.26,2.38
2023-02-14,E127,Team D,3,6.438375251404075,97.39,Database Optimization,High,1.85,0.53
2023-02-15,E123,Team D,2,9.154414772419958,91.55,Code Review,Low,2.23,1.31
2023-02-15,E124,Team B,3,6.463302158804849,85.44,Feature Development,Medium,0.23,2.67
2023-02-15,E125,Team A,1,8.30689618184765,69.24,Code Review,High,2.85,1.33
2023-02-15,E126,Team C,6,7.1546549535893025,76.41,System Maintenance,High,2.06,0.78
2023-02-15,E127,Team D,4,8.726335339464367,62.88,Bug Fix,Medium,2.5,0.25
2023-02-16,E123,Team A,2,6.1708012270080275,96.71,Security Patching,Low,0.64,1.15
2023-02-16,E124,Team B,8,6.439392041618045,95.7,User Support,High,1.06,2.64
2023-02-16,E125,Team C,9,6.557992762255218,95.6,Feature Development,Low,1.97,0.25
2023-02-16,E126,Team D,8,9.2756235909802,91.08,Deployment,Medium,2.82,3.87
2023-02-16,E127,Team B,10,7.389067599305568,93.74,Bug Fix,Low,0.85,2.14
2023-02-17,E123,Team C,10,7.913806371993853,67.4,Testing,High,2.21,1.3
2023-02-17,E124,Team C,7,7.295466842835761,69.87,Database Optimization,Medium,2.56,2.77
2023-02-17,E125,Team D,6,8.598145842239717,63.22,Code Review,High,1.48,1.52
2023-02-17,E126,Team C,7,8.446771458850655,72.57,Deployment,Medium,0.44,2.08
2023-02-17,E127,Team D,2,7.910150570106623,88.89,Security Patching,High,2.59,2.89
2023-02-18,E123,Team D,4,7.158964474098514,79.31,Documentation,High,2.82,2.6
2023-02-18,E124,Team D,5,7.344935226683215,67.89,Bug Fix,Low,0.12,0.01
2023-02-18,E125,Team A,5,7.777233772944867,80.87,Bug Fix,Low,2.76,1.05
2023-02-18,E126,Team C,2,8.702888126516296,77.98,Documentation,Low,0.63,1.46
2023-02-18,E127,Team A,8,7.144206407631383,73.97,Feature Development,Medium,2.51,0.06
2023-02-19,E123,Team C,4,6.984783232653093,82.95,Testing,Medium,1.17,1.89
2023-02-19,E124,Team C,4,6.222447322165181,71.03,Feature Development,Medium,2.21,3.7
2023-02-19,E125,Team D,10,8.572336630521072,90.19,User Support,High,2.09,0.63
2023-02-19,E126,Team D,4,8.03172787609877,63.33,Database Optimization,Medium,0.2,3.11
2023-02-19,E127,Team B,8,8.874886460303467,62.9,Database Optimization,Medium,0.27,0.93
2023-02-20,E123,Team C,2,9.43925234525345,76.74,Documentation,High,0.58,2.47
2023-02-20,E124,Team B,3,6.254342891610138,84.56,Code Review,Low,0.54,0.25
2023-02-20,E125,Team C,1,7.575726643783422,84.33,Database Optimization,Low,2.08,1.21
2023-02-20,E126,Team D,3,9.350095798761966,91.35,User Support,High,1.41,3.75
2023-02-20,E127,Team B,7,6.128944146507774,79.14,User Support,Medium,2.25,3.03
2023-02-21,E123,Team A,4,8.57879113048836,70.16,Code Review,High,1.99,1.94
2023-02-21,E124,Team A,8,8.877461476869476,98.49,Code Review,Medium,0.22,1.87
2023-02-21,E125,Team A,2,7.423142114553682,96.75,Security Patching,Medium,1.23,1.57
2023-02-21,E126,Team D,4,9.050603798676844,86.58,Documentation,Low,2.3,1.22
2023-02-21,E127,Team B,6,9.131698858096883,60.43,Documentation,Medium,2.26,3.71
2023-02-22,E123,Team C,10,8.92564430529821,99.63,Security Patching,High,1.33,0.76
2023-02-22,E124,Team D,10,9.893533097429897,86.89,Deployment,Medium,2.75,3.42
2023-02-22,E125,Team B,6,8.046029060114567,78.81,Deployment,High,1.88,3.92
2023-02-22,E126,Team B,2,7.26432793713561,87.93,Database Optimization,Low,1.71,2.56
2023-02-22,E127,Team C,9,6.550114094687469,64.71,Deployment,Low,0.85,0.18
2023-02-23,E123,Team B,2,7.109197876566203,62.62,Security Patching,Medium,1.34,2.93
2023-02-23,E124,Team D,3,8.31826604154241,75.41,Security Patching,Medium,0.16,2.03
2023-02-23,E125,Team D,5,8.425214508108382,60.28,Bug Fix,Low,0.67,2.27
2023-02-23,E126,Team D,3,8.234989289029048,67.2,Deployment,Low,0.13,0.59
2023-02-23,E127,Team A,6,8.620761213670814,74.09,Code Review,Medium,1.96,3.47
2023-02-24,E123,Team C,6,9.300080450647542,68.12,Deployment,High,2.79,1.76
2023-02-24,E124,Team A,5,9.343750373383472,87.29,Testing,Medium,2.91,0.92
2023-02-24,E125,Team A,6,6.115839801756011,68.55,System Maintenance,High,2.97,1.78
2023-02-24,E126,Team C,4,6.879347456904684,77.35,Documentation,High,1.71,0.55
2023-02-24,E127,Team C,1,6.173123398948029,64.77,System Maintenance,Low,2.69,1.98
2023-02-25,E123,Team C,5,8.911119829774675,67.57,User Support,Low,0.7,1.5
2023-02-25,E124,Team C,5,8.21403027282934,93.18,Security Patching,Medium,1.31,1.0
2023-02-25,E125,Team B,10,6.761173812159671,91.19,Security Patching,Medium,1.21,0.32
2023-02-25,E126,Team A,7,9.664972493014634,74.29,User Support,High,1.69,3.02
2023-02-25,E127,Team B,2,9.173899088510378,76.69,Code Review,Low,2.51,0.39
2023-02-26,E123,Team C,8,9.306497702821801,63.29,Testing,Low,0.98,2.04
2023-02-26,E124,Team D,6,7.975299525185845,73.74,Documentation,Low,1.04,1.85
2023-02-26,E125,Team A,8,9.294876986746686,86.85,Testing,Low,1.38,3.92
2023-02-26,E126,Team C,5,6.036870456585106,99.42,Database Optimization,Low,1.22,1.8
2023-02-26,E127,Team A,9,7.930026867912609,98.58,Deployment,High,1.28,1.99
2023-02-27,E123,Team A,1,6.160147243473442,86.0,System Maintenance,Medium,2.02,0.25
2023-02-27,E124,Team D,9,8.01784552928781,64.32,Documentation,Medium,2.13,3.13
2023-02-27,E125,Team A,1,9.453864181413325,66.14,Deployment,Medium,1.05,1.02
2023-02-27,E126,Team B,6,7.993865937006522,83.21,Deployment,High,2.06,0.95
2023-02-27,E127,Team D,7,7.754822311636011,97.51,Deployment,High,0.14,3.88
2023-02-28,E123,Team B,9,8.30664156112617,61.95,Documentation,High,2.97,0.07
2023-02-28,E124,Team D,8,9.889993622944349,79.16,Testing,High,0.2,3.92
2023-02-28,E125,Team D,8,8.314743723261673,78.98,Documentation,High,0.71,3.13
2023-02-28,E126,Team D,5,6.301960195062666,98.42,Bug Fix,Medium,0.3,2.58
2023-02-28,E127,Team B,9,7.990844784518675,79.8,Documentation,Low,1.65,3.54
2023-03-01,E123,Team C,7,8.201884752607615,79.26,Bug Fix,Low,2.61,3.85
2023-03-01,E124,Team D,7,9.289995558255304,67.52,Testing,Low,1.48,1.19
2023-03-01,E125,Team B,9,6.891650837375565,98.78,Deployment,High,2.63,2.03
2023-03-01,E126,Team D,1,6.037504964276653,75.09,Documentation,High,1.61,1.31
2023-03-01,E127,Team A,1,7.355140341165036,74.6,Documentation,High,1.46,1.5
2023-03-02,E123,Team D,4,6.59132540813442,76.85,System Maintenance,Low,2.74,3.17
2023-03-02,E124,Team D,4,7.0144485785313915,61.22,Deployment,High,1.06,2.87
2023-03-02,E125,Team C,4,8.55282481844927,75.99,Database Optimization,High,1.9,2.86
2023-03-02,E126,Team A,8,6.547559061788251,78.59,User Support,Medium,2.51,3.64
2023-03-02,E127,Team D,5,6.051093823901413,92.39,Feature Development,Low,1.43,3.14
2023-03-03,E123,Team B,9,7.736425897454437,81.14,Deployment,Medium,0.48,3.95
2023-03-03,E124,Team C,6,8.770419387622052,74.76,System Maintenance,Low,1.34,0.35
2023-03-03,E125,Team B,7,8.988327434403802,66.4,System Maintenance,Medium,2.17,2.57
2023-03-03,E126,Team C,10,9.43082476992684,68.67,Testing,Low,1.18,1.3
2023-03-03,E127,Team D,4,8.296942370098522,76.31,Documentation,Low,1.63,3.16
2023-03-04,E123,Team A,7,7.0966696819557855,72.11,Security Patching,Low,2.83,0.86
2023-03-04,E124,Team D,10,9.16072083735049,88.21,Testing,Medium,0.24,1.45
2023-03-04,E125,Team B,8,7.182766066872009,78.5,Deployment,High,1.47,2.8
2023-03-04,E126,Team C,2,8.847223578604856,82.72,Code Review,Medium,2.27,1.02
2023-03-04,E127,Team C,2,7.408117147205232,90.86,System Maintenance,Medium,2.57,1.38
2023-03-05,E123,Team B,4,9.903536812917787,87.35,Code Review,High,2.2,2.7
2023-03-05,E124,Team B,7,8.771076510850044,98.6,Feature Development,Low,1.03,2.68
2023-03-05,E125,Team A,7,7.983324205147195,86.28,Testing,Low,0.05,1.98
2023-03-05,E126,Team D,7,8.75188370084351,73.59,Database Optimization,High,2.47,1.44
2023-03-05,E127,Team B,6,9.703826106108508,64.81,Documentation,Medium,1.38,3.14
2023-03-06,E123,Team A,9,8.856802159320807,97.96,Feature Development,Low,2.7,0.75
2023-03-06,E124,Team D,1,6.500059003952001,76.22,Security Patching,Medium,0.22,1.1
2023-03-06,E125,Team C,9,8.057625675887287,77.88,Database Optimization,Low,2.03,2.64
2023-03-06,E126,Team D,1,6.76624911980328,68.77,Testing,Medium,0.45,1.29
2023-03-06,E127,Team C,5,9.042115141338732,82.77,Documentation,Medium,0.54,3.59
2023-03-07,E123,Team D,1,8.04448145944104,91.82,Documentation,Medium,0.66,0.59
2023-03-07,E124,Team A,6,9.455234290165683,80.36,Code Review,Medium,1.87,3.89
2023-03-07,E125,Team A,5,6.945439806391601,60.34,System Maintenance,Low,2.7,3.68
2023-03-07,E126,Team C,7,8.078406909687223,85.54,Deployment,Medium,2.47,1.82
2023-03-07,E127,Team A,2,7.859029956641897,85.16,Bug Fix,Low,1.46,2.94
2023-03-08,E123,Team B,5,7.479850861514645,99.02,User Support,High,1.39,3.09
2023-03-08,E124,Team A,8,6.113310999922669,72.92,Testing,Medium,2.34,0.42
2023-03-08,E125,Team D,8,8.428416394676557,70.63,User Support,High,0.63,2.71
2023-03-08,E126,Team D,4,9.239614944547908,88.59,Bug Fix,High,0.21,2.9
2023-03-08,E127,Team D,3,8.606856921837696,64.19,Code Review,Medium,2.01,0.93
2023-03-09,E123,Team A,10,8.030348235644265,75.18,Documentation,Low,1.13,1.34
2023-03-09,E124,Team C,8,7.718391715063914,68.72,Deployment,High,1.22,3.82
2023-03-09,E125,Team D,6,8.663055284622263,69.34,Code Review,Low,1.24,2.5
2023-03-09,E126,Team B,7,9.94632767340626,77.81,Deployment,Medium,2.59,2.57
2023-03-09,E127,Team A,2,7.807863441359234,62.87,Code Review,Low,2.71,0.62
2023-03-10,E123,Team B,8,7.024350133000821,84.7,Code Review,High,0.69,1.11
2023-03-10,E124,Team B,6,6.318880813550367,66.12,Bug Fix,Medium,0.74,0.78
2023-03-10,E125,Team A,3,9.42177130622884,90.27,Code Review,Medium,2.03,0.61
2023-03-10,E126,Team B,9,8.859252302169196,71.29,Testing,High,2.18,1.65
2023-03-10,E127,Team A,4,7.333127650735998,91.1,Bug Fix,High,0.88,0.82
2023-03-11,E123,Team C,7,7.2851297215193,60.29,Bug Fix,Medium,1.55,0.44
2023-03-11,E124,Team B,1,9.611024947860985,65.26,Documentation,Low,0.08,1.6
2023-03-11,E125,Team C,8,6.380150692929396,93.91,Deployment,High,2.44,2.92
2023-03-11,E126,Team B,9,7.766711040464534,99.25,Deployment,High,0.03,0.03
2023-03-11,E127,Team B,7,6.906118041652185,74.01,System Maintenance,Low,1.85,1.52
2023-03-12,E123,Team D,10,6.063492136226017,89.6,System Maintenance,Medium,0.41,2.02
2023-03-12,E124,Team A,9,9.220207648530177,61.09,Bug Fix,Low,0.01,0.95
2023-03-12,E125,Team A,10,8.983279690724103,66.47,User Support,Medium,2.45,3.11
2023-03-12,E126,Team B,5,7.623482920912696,86.19,Security Patching,High,1.19,1.02
2023-03-12,E127,Team C,7,6.814608043100996,96.04,Bug Fix,Low,0.68,3.24
2023-03-13,E123,Team A,5,6.518357518573808,75.79,System Maintenance,Low,1.54,3.32
2023-03-13,E124,Team A,1,8.149150203883433,62.72,Database Optimization,High,2.03,0.9
2023-03-13,E125,Team B,7,9.9098394114008,67.33,Bug Fix,High,2.24,3.28
2023-03-13,E126,Team B,8,9.746050468775017,63.51,Feature Development,Medium,0.57,2.38
2023-03-13,E127,Team A,8,9.283500528283188,73.42,Documentation,Low,2.76,2.11
2023-03-14,E123,Team C,7,9.916073449673107,99.33,Testing,Medium,2.66,1.28
2023-03-14,E124,Team D,1,6.5345624078299345,61.27,User Support,High,1.44,1.81
2023-03-14,E125,Team B,7,8.824395370584362,74.34,Documentation,Medium,1.47,0.95
2023-03-14,E126,Team B,8,6.831683114609374,88.33,Database Optimization,Medium,2.19,3.71
2023-03-14,E127,Team A,5,6.789543878377076,93.38,Feature Development,Low,0.13,2.88
2023-03-15,E123,Team D,6,7.107151606379826,87.9,Bug Fix,Low,2.55,1.18
2023-03-15,E124,Team C,6,6.3909774936277195,82.73,Documentation,High,0.46,2.84
2023-03-15,E125,Team A,4,6.4443467618309525,97.04,System Maintenance,High,2.94,1.11
2023-03-15,E126,Team A,2,9.921814475499865,87.19,Deployment,Medium,0.29,3.75
2023-03-15,E127,Team D,7,9.442986430388357,73.99,System Maintenance,High,0.42,1.62
2023-03-16,E123,Team A,3,8.773676452789218,74.02,Deployment,Low,2.34,2.83
2023-03-16,E124,Team B,5,8.197214423050045,91.25,Database Optimization,Low,0.48,0.01
2023-03-16,E125,Team A,10,9.807750622767998,98.43,System Maintenance,Low,2.55,1.78
2023-03-16,E126,Team A,2,8.58231867429168,67.95,Bug Fix,High,1.37,2.68
2023-03-16,E127,Team C,1,7.353644650918232,80.29,System Maintenance,Medium,1.37,0.16
2023-03-17,E123,Team B,2,7.559571900803526,71.19,Database Optimization,High,2.95,3.52
2023-03-17,E124,Team B,8,7.965046991240296,88.98,Documentation,Low,0.13,3.51
2023-03-17,E125,Team D,10,7.27613037770519,85.62,Database Optimization,Medium,2.5,0.66
2023-03-17,E126,Team A,6,7.048467405773868,87.66,Deployment,Medium,1.51,3.41
2023-03-17,E127,Team D,6,9.700150262121667,96.08,User Support,High,2.52,1.51
2023-03-18,E123,Team B,5,8.150809608745373,64.98,Database Optimization,Medium,2.36,3.68
2023-03-18,E124,Team A,3,7.665014161138437,62.51,Testing,Medium,0.84,0.06
2023-03-18,E125,Team C,1,9.767454586049503,60.85,Database Optimization,Medium,0.25,2.88
2023-03-18,E126,Team A,3,9.758060803230915,86.75,Documentation,Medium,0.65,0.2
2023-03-18,E127,Team D,3,6.418850460985611,86.69,Code Review,High,1.37,1.37
2023-03-19,E123,Team D,8,8.559014304823085,76.11,Deployment,Medium,2.98,0.68
2023-03-19,E124,Team A,7,6.9924753493218414,68.13,Testing,High,1.47,0.04
2023-03-19,E125,Team B,3,9.243471478603078,73.1,Feature Development,Medium,0.96,3.51
2023-03-19,E126,Team B,2,7.169998184286564,63.36,Database Optimization,Medium,2.2,1.71
2023-03-19,E127,Team C,2,6.063890636151523,95.08,Code Review,Low,2.56,2.47
2023-03-20,E123,Team A,3,8.860704744302865,66.28,Feature Development,Low,0.68,0.95
2023-03-20,E124,Team A,2,8.988147930376286,95.46,Bug Fix,Low,0.05,2.61
2023-03-20,E125,Team D,1,9.026477578694909,71.14,User Support,High,0.48,0.85
2023-03-20,E126,Team D,1,7.7329439235117885,63.61,Bug Fix,Low,2.32,1.6
2023-03-20,E127,Team A,4,6.3375180750158275,62.24,Feature Development,Low,0.69,3.46
2023-03-21,E123,Team C,8,9.08011038399286,97.85,Bug Fix,Low,2.09,1.72
2023-03-21,E124,Team C,1,8.20575022524576,82.4,Security Patching,High,2.82,1.16
2023-03-21,E125,Team D,9,9.257391051820287,61.83,Documentation,High,1.76,3.34
2023-03-21,E126,Team B,6,7.004724318486307,91.07,System Maintenance,Low,1.09,1.92
2023-03-21,E127,Team A,1,7.540676362702858,84.95,Database Optimization,Low,2.23,3.59
2023-03-22,E123,Team A,8,9.306959627014422,82.71,User Support,Low,2.35,1.1
2023-03-22,E124,Team B,6,6.372085140120691,96.35,Feature Development,Low,0.35,2.24
2023-03-22,E125,Team A,5,6.941220259034312,65.39,Security Patching,Low,1.6,2.35
2023-03-22,E126,Team D,5,8.532524201291313,70.32,Code Review,High,1.64,1.87
2023-03-22,E127,Team A,7,8.44903232859865,75.15,System Maintenance,Medium,2.53,1.81
2023-03-23,E123,Team D,1,7.486262494733923,69.85,Testing,Medium,0.4,3.01
2023-03-23,E124,Team C,3,9.898002382234404,96.88,Feature Development,Low,0.05,1.86
2023-03-23,E125,Team D,9,7.047712673727691,67.63,Testing,High,1.32,1.88
2023-03-23,E126,Team D,7,9.340894062072655,67.48,Deployment,High,2.96,0.9
2023-03-23,E127,Team C,9,6.069814012232864,94.77,Security Patching,Low,0.54,2.94
2023-03-24,E123,Team D,10,8.700713360932534,85.23,Testing,Medium,0.16,0.02
2023-03-24,E124,Team B,9,7.07231688944572,90.34,User Support,Low,2.2,2.16
2023-03-24,E125,Team A,2,7.3187501722376,61.71,Documentation,High,2.72,1.22
2023-03-24,E126,Team B,10,7.407771132357448,78.62,Feature Development,Low,0.68,0.65
2023-03-24,E127,Team C,5,7.632231919652125,81.91,Security Patching,High,1.77,3.16
2023-03-25,E123,Team A,10,7.063049485124249,81.08,Deployment,Medium,0.61,1.44
2023-03-25,E124,Team B,9,9.726969164762112,96.35,Security Patching,Medium,2.53,1.16
2023-03-25,E125,Team D,4,9.796181637014904,62.79,Documentation,Medium,1.77,2.72
2023-03-25,E126,Team D,10,6.98844963447196,69.08,Testing,Medium,1.26,0.2
2023-03-25,E127,Team B,9,8.877399682290235,70.49,System Maintenance,Medium,2.53,1.0
2023-03-26,E123,Team C,3,6.342278568123422,81.43,System Maintenance,Low,3.0,1.34
2023-03-26,E124,Team C,9,6.500383857518516,66.17,System Maintenance,High,2.36,1.0
2023-03-26,E125,Team D,3,7.88367133845362,69.0,Testing,High,0.88,0.19
2023-03-26,E126,Team D,4,6.684195593345022,99.24,Bug Fix,Medium,0.67,0.05
2023-03-26,E127,Team A,4,9.411254337881347,73.37,Deployment,Medium,0.39,0.31
2023-03-27,E123,Team C,2,9.316209913164393,94.12,System Maintenance,Medium,0.73,1.75
2023-03-27,E124,Team B,1,7.723480037620211,67.72,Code Review,Low,2.71,0.01
2023-03-27,E125,Team C,5,6.575224608851389,98.3,Database Optimization,Low,1.5,1.38
2023-03-27,E126,Team B,1,6.32438607150608,71.77,Deployment,Medium,0.37,3.89
2023-03-27,E127,Team B,6,7.2746695638211545,63.81,Code Review,High,2.79,1.0
2023-03-28,E123,Team C,7,6.674168850729598,70.24,Deployment,Medium,2.96,3.76
2023-03-28,E124,Team C,2,9.396548461177602,87.92,Database Optimization,High,2.61,1.98
2023-03-28,E125,Team B,9,8.296926085891535,60.18,User Support,Low,0.01,0.35
2023-03-28,E126,Team A,5,8.768549024683445,86.07,System Maintenance,Medium,0.04,1.92
2023-03-28,E127,Team C,3,9.757521216869133,96.61,Code Review,Low,2.36,1.09
2023-03-29,E123,Team C,8,8.87240057986949,75.0,User Support,Low,2.48,3.29
2023-03-29,E124,Team A,9,8.90644665820573,91.29,System Maintenance,High,2.61,3.22
2023-03-29,E125,Team A,3,9.889662962670146,67.86,System Maintenance,Medium,2.93,3.19
2023-03-29,E126,Team B,5,9.619192118778477,63.6,System Maintenance,Low,0.63,3.38
2023-03-29,E127,Team B,7,6.032958480206544,76.48,Bug Fix,Low,0.64,1.56
2023-03-30,E123,Team D,6,8.914435408424712,86.51,Testing,High,1.93,0.63
2023-03-30,E124,Team B,10,6.976035262315712,77.88,Code Review,High,1.17,3.28
2023-03-30,E125,Team C,9,9.154561580236171,96.53,Deployment,High,2.47,0.09
2023-03-30,E126,Team B,1,8.427189048878414,67.7,Deployment,Medium,2.42,3.81
2023-03-30,E127,Team C,6,9.430687342533025,74.01,Code Review,Low,2.45,3.52
2023-03-31,E123,Team D,4,8.059625054459172,77.99,Deployment,Low,2.61,3.85
2023-03-31,E124,Team A,5,6.585960941653385,80.32,Bug Fix,Low,1.9,3.79
2023-03-31,E125,Team C,7,9.815453393843093,79.49,Code Review,Medium,1.89,3.25
2023-03-31,E126,Team A,6,8.859004477217836,67.62,Feature Development,Medium,0.06,0.13
2023-03-31,E127,Team B,6,6.772111002752588,78.62,Database Optimization,High,0.82,3.38
2023-04-01,E123,Team C,1,7.969833802203704,80.29,Documentation,Low,2.07,0.93
2023-04-01,E124,Team A,8,8.192574775284076,99.11,Code Review,Medium,0.05,1.02
2023-04-01,E125,Team D,3,8.851272848839512,89.94,Bug Fix,Medium,2.75,0.53
2023-04-01,E126,Team C,3,9.624560462565555,76.66,Testing,Medium,0.24,2.97
2023-04-01,E127,Team B,10,9.557809116799529,97.23,Database Optimization,Medium,0.2,2.44
2023-04-02,E123,Team C,9,6.3281857582859535,89.8,System Maintenance,Low,1.15,2.35
2023-04-02,E124,Team A,8,8.541413395543481,64.19,System Maintenance,High,2.7,0.32
2023-04-02,E125,Team B,6,6.530781877898495,85.61,Feature Development,Low,2.39,2.85
2023-04-02,E126,Team B,2,6.042604584449025,85.64,Documentation,Low,1.87,1.75
2023-04-02,E127,Team A,8,8.131233081235626,64.21,Code Review,Medium,2.46,1.74
2023-04-03,E123,Team A,4,6.303461582177359,73.04,Feature Development,Low,1.08,1.09
2023-04-03,E124,Team D,6,6.5479636127512855,82.65,Security Patching,Low,2.19,3.25
2023-04-03,E125,Team D,9,8.94911496192411,70.47,Documentation,Low,1.22,1.63
2023-04-03,E126,Team B,4,6.434939726974687,85.81,System Maintenance,Low,0.14,2.49
2023-04-03,E127,Team C,3,6.651717800099309,71.28,Database Optimization,Medium,1.92,2.56
2023-04-04,E123,Team A,6,7.769907997689739,96.95,Bug Fix,Low,1.32,3.83
2023-04-04,E124,Team C,2,6.434082577550802,63.07,Documentation,Low,1.4,1.26
2023-04-04,E125,Team B,1,6.812381014884497,99.81,Database Optimization,Low,2.85,1.01
2023-04-04,E126,Team A,3,6.947092529064354,84.37,Code Review,Low,2.83,0.61
2023-04-04,E127,Team C,1,9.36280149295853,85.52,Security Patching,Medium,1.92,1.71
2023-04-05,E123,Team D,7,9.168586161615364,75.52,Testing,High,1.39,0.21
2023-04-05,E124,Team C,5,7.268187072296811,88.96,Code Review,Medium,1.81,1.72
2023-04-05,E125,Team B,1,7.587538168626079,97.16,Code Review,High,2.32,1.61
2023-04-05,E126,Team C,8,9.009741064000185,76.69,User Support,Medium,1.5,0.42
2023-04-05,E127,Team D,7,7.068991681608063,88.58,Testing,Low,0.9,0.38
2023-04-06,E123,Team C,2,6.9253345607953705,68.26,Database Optimization,Low,1.87,0.31
2023-04-06,E124,Team B,8,7.729499436163671,94.81,Bug Fix,Medium,0.27,0.05
2023-04-06,E125,Team D,2,8.001864974274055,86.3,Feature Development,High,1.19,3.38
2023-04-06,E126,Team A,4,8.101170807518322,83.18,Code Review,High,0.14,1.82
2023-04-06,E127,Team A,8,8.706551511370286,96.64,Database Optimization,Medium,1.91,3.97
2023-04-07,E123,Team C,5,7.18740813770852,60.3,Bug Fix,High,1.33,2.85
2023-04-07,E124,Team A,10,8.27182096703456,96.27,Bug Fix,Low,0.75,0.04
2023-04-07,E125,Team A,5,7.071880863678718,64.01,Bug Fix,Medium,2.41,2.96
2023-04-07,E126,Team C,10,9.74879787594377,88.11,Database Optimization,Medium,1.34,3.55
2023-04-07,E127,Team C,3,6.7274847919529615,82.36,Testing,Medium,2.32,0.26
2023-04-08,E123,Team C,4,8.475276840626208,71.68,Bug Fix,Medium,1.05,2.39
2023-04-08,E124,Team C,4,7.826718413196181,94.97,Code Review,Low,1.98,3.45
2023-04-08,E125,Team C,9,7.028471746127909,68.58,Database Optimization,High,2.85,2.45
2023-04-08,E126,Team A,9,9.429298914633598,77.49,Code Review,Medium,2.07,2.15
2023-04-08,E127,Team D,1,9.383024092071212,94.69,Bug Fix,Medium,2.35,2.17
2023-04-09,E123,Team C,3,9.214817623509997,67.84,Security Patching,High,1.55,3.15
2023-04-09,E124,Team A,6,9.154814959792184,66.07,System Maintenance,Low,0.4,2.96
2023-04-09,E125,Team B,1,9.245668574976593,98.19,Code Review,Low,2.3,0.4
2023-04-09,E126,Team A,7,6.740249488004274,76.07,Testing,High,1.48,3.31
2023-04-09,E127,Team D,10,9.749979056593595,82.56,Bug Fix,High,1.17,1.71
2023-04-10,E123,Team D,7,6.280719198367185,71.43,Code Review,High,2.02,3.96
2023-04-10,E124,Team D,5,8.358077539591658,81.97,Testing,Medium,0.67,3.98
2023-04-10,E125,Team C,1,9.245582309458193,97.87,Code Review,Medium,2.24,1.41
2023-04-10,E126,Team D,10,9.3803836429473,62.88,Documentation,Medium,2.1,2.7
2023-04-10,E127,Team B,1,7.920371506805415,93.7,Documentation,High,1.67,3.75
2023-04-11,E123,Team B,3,8.70904740635773,77.7,Documentation,Medium,2.85,0.92
2023-04-11,E124,Team B,3,6.504412226134287,91.85,Security Patching,Low,1.34,1.16
2023-04-11,E125,Team B,8,7.609080777177919,77.91,Testing,High,1.93,0.31
2023-04-11,E126,Team B,4,6.219546837465705,80.95,Feature Development,Low,2.74,3.39
2023-04-11,E127,Team C,4,9.890126072957905,65.8,System Maintenance,Medium,2.8,2.74
2023-04-12,E123,Team B,7,9.153214967632358,92.27,User Support,Low,0.09,2.15
2023-04-12,E124,Team C,8,6.194157711558574,99.67,Feature Development,Low,2.67,3.22
2023-04-12,E125,Team C,6,8.283005240430475,91.15,User Support,High,1.48,1.07
2023-04-12,E126,Team A,4,7.27559915094357,91.1,Testing,High,1.57,1.02
2023-04-12,E127,Team B,8,8.095341273082926,63.3,System Maintenance,Medium,2.4,0.1
2023-04-13,E123,Team B,6,7.899374150102396,65.26,Deployment,High,1.77,2.44
2023-04-13,E124,Team A,1,6.581508669269304,67.52,User Support,Low,1.6,1.2
2023-04-13,E125,Team C,10,7.810189658519228,82.86,Code Review,Medium,1.28,2.43
2023-04-13,E126,Team A,1,9.296711313659092,84.26,Bug Fix,High,0.95,3.66
2023-04-13,E127,Team B,1,7.84501246046208,78.65,User Support,Medium,0.29,0.46
2023-04-14,E123,Team C,9,9.844221986461287,86.43,Deployment,High,0.94,0.67
2023-04-14,E124,Team B,6,6.796393122748752,73.31,User Support,High,0.95,2.02
2023-04-14,E125,Team B,9,9.759626381828907,66.1,System Maintenance,High,2.07,0.67
2023-04-14,E126,Team C,3,6.5259603153119565,95.34,Security Patching,High,0.36,0.0
2023-04-14,E127,Team C,2,6.995566462084378,96.3,Feature Development,Low,2.29,3.31
2023-04-15,E123,Team D,1,8.229418185122249,65.44,Database Optimization,Medium,1.07,2.04
2023-04-15,E124,Team B,6,7.684941950823397,73.85,System Maintenance,Low,2.63,0.71
2023-04-15,E125,Team D,4,7.70263713940915,65.01,Documentation,Low,2.84,2.4
2023-04-15,E126,Team C,1,9.873916575105067,85.46,Feature Development,High,0.85,3.58
2023-04-15,E127,Team A,3,8.224894587945943,89.33,Testing,High,1.11,3.64
2023-04-16,E123,Team C,6,9.052086614506553,79.55,User Support,Low,0.78,2.71
2023-04-16,E124,Team D,8,8.15711604512876,69.16,Testing,Medium,0.4,0.96
2023-04-16,E125,Team D,1,6.670801418157583,78.59,Bug Fix,High,1.17,1.3
2023-04-16,E126,Team C,9,9.515429949552157,65.63,Database Optimization,Medium,2.75,2.45
2023-04-16,E127,Team B,2,7.131763413680798,99.44,User Support,Low,0.57,1.6
2023-04-17,E123,Team A,4,9.255599045874256,66.99,Deployment,Low,0.76,3.31
2023-04-17,E124,Team D,5,9.382758961864587,96.22,Code Review,Low,0.54,1.11
2023-04-17,E125,Team C,9,8.909939038016853,89.69,Security Patching,High,1.54,0.18
2023-04-17,E126,Team C,2,8.679854794894178,61.78,Security Patching,Medium,2.44,3.96
2023-04-17,E127,Team D,10,9.519512475034608,94.06,User Support,Low,2.35,0.76
2023-04-18,E123,Team C,3,7.9292070330912665,67.76,Testing,High,2.37,2.39
2023-04-18,E124,Team D,1,7.966961357560965,79.24,User Support,High,1.3,3.34
2023-04-18,E125,Team A,2,7.754980073706918,74.61,Security Patching,Low,1.24,3.66
2023-04-18,E126,Team B,10,6.610017015228342,69.2,Feature Development,High,2.62,0.14
2023-04-18,E127,Team D,10,7.2916582864673725,91.9,User Support,High,1.91,2.59
2023-04-19,E123,Team C,3,6.880217627649108,81.3,Bug Fix,High,1.32,2.21
2023-04-19,E124,Team B,8,6.933659703577047,72.71,User Support,High,0.91,3.0
2023-04-19,E125,Team A,3,8.070896049053172,66.38,Deployment,Medium,1.56,3.96
2023-04-19,E126,Team A,1,6.909456460563199,98.86,Database Optimization,Low,1.05,0.12
2023-04-19,E127,Team C,3,6.093578544123998,75.34,System Maintenance,High,2.36,2.09
2023-04-20,E123,Team C,7,9.724372993451249,64.51,Deployment,High,1.79,2.51
2023-04-20,E124,Team A,2,8.803174414423808,80.39,Testing,Low,1.39,3.8
2023-04-20,E125,Team D,3,7.719116680264133,64.75,Feature Development,Low,2.18,3.43
2023-04-20,E126,Team C,5,6.37948026352128,78.07,Database Optimization,Low,1.84,0.49
2023-04-20,E127,Team D,6,7.2612954493861785,82.51,Bug Fix,High,2.76,2.36
2023-04-21,E123,Team A,8,7.9073699794775445,79.23,User Support,Medium,2.69,2.23
2023-04-21,E124,Team A,4,8.602072842822801,83.68,Bug Fix,Medium,1.57,1.12
2023-04-21,E125,Team A,5,9.264674712603671,98.15,Deployment,Low,1.48,3.33
2023-04-21,E126,Team A,7,9.20273431951423,95.26,Feature Development,Medium,1.51,1.16
2023-04-21,E127,Team D,2,9.264282348640963,95.98,User Support,Low,1.13,2.97
2023-04-22,E123,Team B,5,9.80687328739552,65.17,User Support,Medium,1.1,1.61
2023-04-22,E124,Team A,3,7.302248781336267,94.91,Testing,Low,2.01,3.21
2023-04-22,E125,Team D,8,7.135937474243197,90.09,User Support,Low,2.5,2.3
2023-04-22,E126,Team B,9,6.547911553395773,78.62,System Maintenance,Medium,0.45,2.92
2023-04-22,E127,Team D,1,7.976984958781384,66.78,User Support,Medium,1.92,2.22
2023-04-23,E123,Team B,2,6.4776027120031605,92.02,Testing,Medium,0.07,2.26
2023-04-23,E124,Team D,2,8.819680236348386,86.54,Testing,Low,0.91,2.81
2023-04-23,E125,Team A,6,8.433982374731613,86.75,Testing,High,0.97,1.58
2023-04-23,E126,Team B,3,8.960307236326386,77.98,Documentation,Medium,0.38,2.9
2023-04-23,E127,Team D,6,9.443534946565482,96.04,User Support,Low,2.06,0.22
2023-04-24,E123,Team B,5,6.935215066941715,66.06,Security Patching,Low,0.33,1.89
2023-04-24,E124,Team A,2,7.775124151174939,89.9,User Support,Medium,2.22,0.41
2023-04-24,E125,Team C,9,8.707557130530784,95.0,Bug Fix,High,1.75,0.34
2023-04-24,E126,Team B,8,9.71644327439805,62.77,System Maintenance,Medium,2.45,1.09
2023-04-24,E127,Team C,8,7.625654518307719,67.22,Deployment,Low,2.38,0.17
2023-04-25,E123,Team B,4,8.415064299332686,77.45,Bug Fix,Low,0.21,2.55
2023-04-25,E124,Team A,6,8.096777439477147,61.43,Feature Development,Low,2.83,0.59
2023-04-25,E125,Team A,10,9.137187204922608,95.16,System Maintenance,High,2.55,1.32
2023-04-25,E126,Team B,9,6.687659027672714,79.64,Deployment,High,0.21,0.01
2023-04-25,E127,Team D,7,6.260748949983111,88.78,Security Patching,Medium,0.64,3.18
2023-04-26,E123,Team C,9,8.567432411143301,63.07,Database Optimization,Low,2.77,2.13
2023-04-26,E124,Team B,1,7.303070619515276,77.54,Bug Fix,High,2.83,1.97
2023-04-26,E125,Team B,9,9.681074233331909,73.9,Bug Fix,Low,1.15,2.23
2023-04-26,E126,Team A,1,6.807747309693546,61.42,Deployment,High,1.24,2.08
2023-04-26,E127,Team A,10,7.322334055977807,90.49,Feature Development,High,2.82,1.08
2023-04-27,E123,Team A,10,6.263877807986373,67.39,Database Optimization,Medium,1.07,2.21
2023-04-27,E124,Team D,6,9.922686244509153,89.01,Feature Development,Medium,2.04,3.03
2023-04-27,E125,Team A,5,8.828894163421282,88.85,Documentation,Low,1.96,0.46
2023-04-27,E126,Team B,6,9.928109113710601,75.83,Documentation,High,2.9,1.34
2023-04-27,E127,Team A,10,6.186884238292382,78.85,Database Optimization,Medium,0.42,1.32
2023-04-28,E123,Team A,5,7.206357059957646,90.44,Code Review,High,2.65,1.53
2023-04-28,E124,Team A,9,7.800522671227032,66.16,Bug Fix,Medium,1.11,2.87
2023-04-28,E125,Team C,10,6.374334091279187,61.87,Security Patching,Low,0.11,1.88
2023-04-28,E126,Team B,6,8.258512599982872,85.1,Documentation,High,0.02,0.66
2023-04-28,E127,Team B,2,7.516724798727758,61.96,Documentation,High,2.69,1.19
2023-04-29,E123,Team A,5,7.761452636688166,81.37,Database Optimization,Low,0.97,0.7
2023-04-29,E124,Team C,5,8.91858540174548,78.33,Code Review,Low,2.77,1.05
2023-04-29,E125,Team D,8,8.587863711221448,98.33,Bug Fix,High,1.71,2.98
2023-04-29,E126,Team B,9,6.9125455087089325,69.91,Database Optimization,High,0.66,2.95
2023-04-29,E127,Team D,3,7.779775301801248,73.24,Deployment,Medium,0.56,0.7
2023-04-30,E123,Team A,6,9.302821181901363,91.41,User Support,Low,0.58,1.0
2023-04-30,E124,Team D,4,8.043027687060848,81.23,Security Patching,High,2.39,0.71
2023-04-30,E125,Team D,3,7.014043392818065,68.97,Deployment,Medium,0.58,0.73
2023-04-30,E126,Team C,4,7.339674520559436,79.35,Bug Fix,Medium,2.58,0.32
2023-04-30,E127,Team C,10,6.8559010685300805,96.81,Testing,High,2.27,0.78
2023-05-01,E123,Team C,3,8.33848571346542,76.04,Feature Development,High,1.04,2.63
2023-05-01,E124,Team D,5,7.257501342740175,70.21,Feature Development,High,2.52,2.23
2023-05-01,E125,Team D,6,9.565323549327829,85.73,Security Patching,High,1.18,0.13
2023-05-01,E126,Team C,10,9.305507725103743,90.95,Deployment,High,2.31,3.22
2023-05-01,E127,Team C,6,9.413787040376521,62.79,Deployment,Low,1.54,2.77
2023-05-02,E123,Team A,10,9.080741428679302,79.06,Documentation,Low,1.46,0.05
2023-05-02,E124,Team A,5,6.430251495218805,65.41,Security Patching,Medium,0.98,0.7
2023-05-02,E125,Team A,6,8.368262776921952,90.67,Testing,Medium,1.25,2.83
2023-05-02,E126,Team A,8,7.497369432022401,91.96,Database Optimization,Low,1.1,3.68
2023-05-02,E127,Team B,5,8.727349388204491,86.17,Testing,High,1.61,1.83
2023-05-03,E123,Team C,1,8.959007262893412,68.73,Security Patching,High,2.27,2.09
2023-05-03,E124,Team A,10,9.677390413599326,60.89,Testing,Medium,0.46,3.96
2023-05-03,E125,Team A,10,9.978689465665427,91.57,User Support,High,2.18,2.03
2023-05-03,E126,Team D,2,9.573752385731488,81.47,Feature Development,Low,0.55,1.9
2023-05-03,E127,Team A,7,9.339858551132075,93.37,Code Review,Medium,0.27,0.61
2023-05-04,E123,Team B,10,9.54435525533204,94.36,Documentation,Medium,2.73,1.94
2023-05-04,E124,Team D,4,6.169729750106644,85.48,Security Patching,Medium,0.09,3.93
2023-05-04,E125,Team D,8,6.4460849350727685,94.82,Bug Fix,Low,2.46,3.26
2023-05-04,E126,Team D,5,9.034864784445446,84.78,Security Patching,High,0.6,0.5
2023-05-04,E127,Team C,8,7.332297739185535,66.94,Testing,Low,0.02,3.96
2023-05-05,E123,Team D,6,8.931146155741317,66.9,Testing,Low,0.29,3.77
2023-05-05,E124,Team C,6,9.34409924799592,67.57,System Maintenance,Medium,2.04,0.97
2023-05-05,E125,Team C,8,6.84606245905143,94.0,Feature Development,Low,2.42,3.8
2023-05-05,E126,Team B,4,6.11879377050359,91.54,Bug Fix,High,1.57,2.33
2023-05-05,E127,Team B,4,9.986395672464425,66.31,Testing,High,2.67,1.95
2023-05-06,E123,Team D,4,7.06578619033724,80.02,System Maintenance,Low,0.54,3.27
2023-05-06,E124,Team C,7,6.090910331484299,63.46,Bug Fix,Low,1.14,3.13
2023-05-06,E125,Team C,4,6.597702947970207,95.61,Database Optimization,High,0.83,1.37
2023-05-06,E126,Team B,1,8.096260228470651,95.9,Deployment,Low,1.33,2.68
2023-05-06,E127,Team B,10,9.053450819736447,62.79,Deployment,High,2.65,3.59
2023-05-07,E123,Team A,10,9.530602323763615,86.51,Testing,Medium,1.49,2.35
2023-05-07,E124,Team C,3,7.421005470509577,79.2,System Maintenance,Medium,2.58,1.36
2023-05-07,E125,Team C,3,8.00415554375554,61.6,Testing,High,0.32,3.77
2023-05-07,E126,Team A,10,8.679821800726748,66.89,Deployment,High,0.1,1.24
2023-05-07,E127,Team C,10,6.974422519870119,81.51,Code Review,Medium,0.65,3.18
2023-05-08,E123,Team C,4,7.779079758501376,77.3,System Maintenance,Low,1.02,0.86
2023-05-08,E124,Team C,5,8.558595196262479,84.88,Security Patching,Low,0.07,0.06
2023-05-08,E125,Team D,8,7.938313307569922,64.67,Testing,Medium,0.04,1.56
2023-05-08,E126,Team D,5,6.13529604620266,79.37,Database Optimization,Medium,1.96,2.49
2023-05-08,E127,Team B,8,7.170360535922953,76.53,Bug Fix,Medium,0.74,2.29
2023-05-09,E123,Team D,3,7.040336900952459,96.97,Documentation,High,1.1,1.02
2023-05-09,E124,Team C,3,7.411369822484964,65.35,Deployment,Low,2.09,3.16
2023-05-09,E125,Team A,7,8.860425368896022,98.68,Bug Fix,Medium,0.38,3.97
2023-05-09,E126,Team D,2,6.898541304357041,60.71,Security Patching,Medium,1.45,1.75
2023-05-09,E127,Team A,2,6.459762697679029,62.72,Code Review,Low,2.55,0.09
2023-05-10,E123,Team C,5,7.344571822891583,77.12,Testing,Low,1.02,1.31
2023-05-10,E124,Team C,5,6.716857502888001,96.27,Feature Development,High,1.99,0.65
2023-05-10,E125,Team A,8,9.271659921604343,88.94,User Support,High,2.58,1.59
2023-05-10,E126,Team B,9,6.105070087122318,75.25,Documentation,Low,2.12,0.66
2023-05-10,E127,Team A,9,9.827250093084386,64.94,Security Patching,High,0.81,3.54
2023-05-11,E123,Team A,10,8.626399840401401,97.92,Bug Fix,Medium,2.29,1.49
2023-05-11,E124,Team C,10,6.58813400154197,62.15,Database Optimization,Medium,2.69,0.1
2023-05-11,E125,Team C,10,6.874717779335789,87.53,System Maintenance,Medium,2.36,1.19
2023-05-11,E126,Team B,2,8.647734008166662,71.0,System Maintenance,High,1.37,1.13
2023-05-11,E127,Team D,6,9.548256329786973,89.77,System Maintenance,High,0.34,0.67
2023-05-12,E123,Team D,6,7.505161204840299,97.91,Deployment,High,0.1,2.35
2023-05-12,E124,Team C,2,9.802910404738705,81.36,System Maintenance,Low,2.45,2.03
2023-05-12,E125,Team D,4,6.895648294985316,67.18,Database Optimization,Medium,2.15,3.87
2023-05-12,E126,Team C,8,9.486346675886931,99.23,Database Optimization,High,2.23,3.96
2023-05-12,E127,Team C,1,7.481445618098785,66.82,Security Patching,Low,0.03,3.58
2023-05-13,E123,Team C,9,9.475637712024444,69.1,Testing,Low,2.32,0.76
2023-05-13,E124,Team D,2,7.28193465487354,84.12,Testing,High,1.55,2.49
2023-05-13,E125,Team B,3,6.371883700767278,96.73,User Support,Low,1.37,3.27
2023-05-13,E126,Team D,1,6.768164762869389,82.58,Documentation,High,1.01,1.89
2023-05-13,E127,Team D,8,6.67044120450555,89.93,Bug Fix,High,2.14,2.6
2023-05-14,E123,Team D,5,7.322751536336739,61.61,Deployment,Medium,0.77,2.98
2023-05-14,E124,Team A,3,8.89367333123098,94.9,Testing,Medium,1.12,1.57
2023-05-14,E125,Team D,1,9.55049481560167,71.72,Feature Development,Medium,0.22,1.61
2023-05-14,E126,Team D,10,6.559915085903793,71.67,Database Optimization,Medium,0.64,0.93
2023-05-14,E127,Team D,7,9.904683951050618,70.53,User Support,High,2.02,0.57
2023-05-15,E123,Team D,4,8.343083035441778,71.88,User Support,Low,1.03,0.1
2023-05-15,E124,Team A,2,7.785335945908251,74.29,Documentation,Medium,0.11,0.33
2023-05-15,E125,Team C,5,6.233725042934195,70.56,Testing,Medium,2.37,0.97
2023-05-15,E126,Team C,2,6.447271780032401,69.52,Database Optimization,Medium,1.8,1.01
2023-05-15,E127,Team D,10,6.253569592598264,69.26,Code Review,High,1.34,1.85
2023-05-16,E123,Team A,6,8.316766983458166,67.81,System Maintenance,Low,1.82,3.1
2023-05-16,E124,Team C,9,6.738281641303073,61.75,Documentation,Low,1.75,3.75
2023-05-16,E125,Team C,3,7.702076608762825,84.39,Bug Fix,Low,2.21,3.5
2023-05-16,E126,Team C,10,8.837839948528943,75.11,Bug Fix,High,0.09,0.83
2023-05-16,E127,Team B,2,9.11750930141616,77.87,Documentation,High,0.09,1.72
2023-05-17,E123,Team B,4,9.27370186679542,95.3,Deployment,Medium,0.83,0.91
2023-05-17,E124,Team C,8,8.461930186248274,65.57,Code Review,Low,2.33,1.87
2023-05-17,E125,Team D,9,9.159034824888575,88.57,User Support,Low,0.08,0.23
2023-05-17,E126,Team C,2,7.839950508869659,92.93,Bug Fix,High,0.09,1.63
2023-05-17,E127,Team C,9,9.71990493423246,86.86,Feature Development,Low,0.97,2.06
2023-05-18,E123,Team C,9,8.917203394107046,75.52,System Maintenance,Medium,2.82,1.98
2023-05-18,E124,Team A,7,9.021626443935236,61.44,User Support,Low,2.34,3.93
2023-05-18,E125,Team C,6,9.35246577664361,91.86,Feature Development,Medium,2.1,1.59
2023-05-18,E126,Team D,7,6.526074357140741,79.97,Bug Fix,Low,1.18,3.35
2023-05-18,E127,Team B,5,7.414717778716844,65.77,User Support,Medium,1.72,1.45
2023-05-19,E123,Team D,2,6.4026450052342865,65.71,Database Optimization,Medium,2.6,2.65
2023-05-19,E124,Team D,1,9.91218982860687,83.63,Deployment,High,0.2,1.98
2023-05-19,E125,Team B,2,7.714117315782227,66.42,Documentation,Low,2.98,1.73
2023-05-19,E126,Team D,10,8.76877160126227,77.5,Database Optimization,Low,2.77,2.14
2023-05-19,E127,Team C,3,9.82702145692516,70.4,Database Optimization,Low,0.12,2.05
2023-05-20,E123,Team A,3,7.721136548217649,92.33,Documentation,Low,2.39,3.85
2023-05-20,E124,Team D,1,7.954993862470825,84.97,Security Patching,High,1.9,0.76
2023-05-20,E125,Team C,7,8.44077222437094,86.62,User Support,High,1.25,1.02
2023-05-20,E126,Team C,9,7.474824794104217,60.19,Feature Development,Low,1.2,1.59
2023-05-20,E127,Team C,3,7.612243980121022,83.05,User Support,Medium,1.67,3.11
2023-05-21,E123,Team A,5,9.806564842131143,76.1,System Maintenance,Medium,2.76,0.51
2023-05-21,E124,Team A,2,8.18956411468276,83.57,Testing,High,2.28,3.19
2023-05-21,E125,Team A,6,9.150557555153089,80.32,Deployment,Low,2.71,2.8
2023-05-21,E126,Team D,1,9.171433341919494,92.4,Documentation,High,2.69,3.65
2023-05-21,E127,Team A,9,6.747109609434307,95.03,Database Optimization,High,2.32,0.48
2023-05-22,E123,Team D,10,9.384342983128576,90.73,System Maintenance,Low,1.69,0.75
2023-05-22,E124,Team D,6,6.954160481627097,65.53,System Maintenance,High,2.72,0.25
2023-05-22,E125,Team A,9,7.4521480418639126,89.82,System Maintenance,Low,1.76,2.09
2023-05-22,E126,Team C,4,8.443470419421333,61.1,Code Review,Low,1.6,2.89
2023-05-22,E127,Team A,5,8.023779150483804,84.57,Documentation,High,2.73,0.04
2023-05-23,E123,Team B,10,6.14867688372096,68.63,Feature Development,Medium,1.08,0.29
2023-05-23,E124,Team B,5,7.070411910610062,61.19,User Support,Medium,2.62,1.75
2023-05-23,E125,Team A,3,7.54734640116415,79.84,Deployment,High,1.78,3.71
2023-05-23,E126,Team D,5,6.333370715963469,71.98,Security Patching,Low,0.97,3.85
2023-05-23,E127,Team C,10,6.444736306090913,83.63,Deployment,Low,1.32,3.85
2023-05-24,E123,Team D,1,7.926982806140108,94.89,Documentation,High,1.25,1.63
2023-05-24,E124,Team B,1,7.21694159475123,72.43,Feature Development,High,2.33,1.92
2023-05-24,E125,Team D,7,9.969405825911451,74.71,Bug Fix,Medium,1.23,2.7
2023-05-24,E126,Team D,2,7.994171018179122,82.8,Database Optimization,Medium,1.05,2.27
2023-05-24,E127,Team D,4,8.496073060605351,85.39,Bug Fix,Low,2.8,3.03
2023-05-25,E123,Team D,5,7.890446778872317,89.31,Security Patching,Low,1.78,1.71
2023-05-25,E124,Team D,3,6.622719014871196,92.64,Documentation,High,0.02,1.79
2023-05-25,E125,Team A,7,7.214632892535686,69.99,Security Patching,Low,2.43,1.59
2023-05-25,E126,Team C,5,9.292774259347794,63.38,Bug Fix,Medium,2.72,0.21
2023-05-25,E127,Team C,7,9.967902390467417,70.16,Bug Fix,High,1.45,0.63
2023-05-26,E123,Team D,1,6.977844292604319,76.16,Database Optimization,Medium,2.94,1.05
2023-05-26,E124,Team B,4,8.863941696992045,94.06,Documentation,Low,2.61,1.56
2023-05-26,E125,Team A,7,8.063147595286686,93.47,Security Patching,Low,2.0,0.14
2023-05-26,E126,Team D,3,9.820963652231422,78.71,Bug Fix,High,0.64,2.26
2023-05-26,E127,Team A,8,6.786259895256813,89.27,Documentation,High,0.2,0.41
2023-05-27,E123,Team A,3,8.168545902551806,93.61,Feature Development,Medium,0.8,1.33
2023-05-27,E124,Team A,9,6.599891051008675,61.42,Database Optimization,Medium,1.68,3.7
2023-05-27,E125,Team C,2,7.005276659302858,89.74,Bug Fix,Low,0.99,3.33
2023-05-27,E126,Team C,10,7.491839180156638,86.53,Security Patching,Low,0.47,0.09
2023-05-27,E127,Team B,6,8.749673757536447,93.82,Database Optimization,Medium,1.17,2.77
2023-05-28,E123,Team C,1,9.679155687269672,78.29,Bug Fix,Low,1.73,2.46
2023-05-28,E124,Team B,8,7.568121780165288,74.71,User Support,High,1.71,0.96
2023-05-28,E125,Team C,7,6.698609057930478,86.38,User Support,High,0.0,0.44
2023-05-28,E126,Team A,2,7.90092407524921,97.89,Deployment,High,1.21,2.59
2023-05-28,E127,Team A,6,8.829892272589504,68.3,Feature Development,High,0.9,0.71
2023-05-29,E123,Team C,8,7.078423761138813,82.48,Code Review,High,2.4,1.02
2023-05-29,E124,Team B,2,6.230453235245976,87.79,System Maintenance,Medium,0.59,2.07
2023-05-29,E125,Team A,7,8.267825937103352,62.57,Deployment,Medium,2.89,1.1
2023-05-29,E126,Team B,1,6.317605699453258,99.57,Code Review,Low,2.8,0.57
2023-05-29,E127,Team C,7,9.124601201571629,61.3,System Maintenance,Medium,2.11,1.48
2023-05-30,E123,Team A,6,6.051224426747776,84.56,Bug Fix,Low,0.63,1.3
2023-05-30,E124,Team C,2,7.474798608107836,93.14,Testing,Medium,2.94,0.28
2023-05-30,E125,Team A,3,8.172218645249124,85.07,Bug Fix,Low,2.78,2.21
2023-05-30,E126,Team C,9,7.656141956817297,69.37,Documentation,Low,2.51,3.06
2023-05-30,E127,Team D,2,6.579901172888064,84.06,Bug Fix,Low,2.02,0.33
2023-05-31,E123,Team B,9,6.611522520950242,62.41,Feature Development,Medium,0.04,1.02
2023-05-31,E124,Team D,4,8.474698253408684,98.44,User Support,Low,2.59,3.45
2023-05-31,E125,Team C,7,9.911546972071417,89.85,System Maintenance,Low,0.04,2.33
2023-05-31,E126,Team D,2,9.839199378091294,87.0,Feature Development,High,1.62,3.08
2023-05-31,E127,Team D,9,7.296234487080849,79.15,Code Review,Low,1.3,3.37
2023-06-01,E123,Team D,10,6.158682990385338,98.7,Testing,Low,1.18,0.23
2023-06-01,E124,Team D,3,9.358298851748303,73.28,Database Optimization,Medium,0.65,1.05
2023-06-01,E125,Team C,5,8.270881420631605,86.88,Code Review,High,0.36,0.81
2023-06-01,E126,Team D,4,9.984718881045428,94.63,Documentation,High,0.61,2.46
2023-06-01,E127,Team C,6,6.657655403045437,95.4,System Maintenance,Low,0.52,0.06
2023-06-02,E123,Team B,4,9.112457222969127,84.54,User Support,High,2.66,3.86
2023-06-02,E124,Team D,8,9.575894571712926,90.74,Testing,High,1.59,1.38
2023-06-02,E125,Team C,1,8.228124694597236,65.4,Security Patching,Medium,1.73,3.56
2023-06-02,E126,Team C,9,6.14428813471422,77.63,Security Patching,Low,3.0,0.2
2023-06-02,E127,Team A,3,9.887246756535138,90.68,Feature Development,High,2.87,3.8
2023-06-03,E123,Team B,3,8.85431231734684,69.0,Deployment,Medium,0.34,1.77
2023-06-03,E124,Team C,8,6.663657089526223,83.33,Database Optimization,Low,0.97,3.06
2023-06-03,E125,Team A,10,6.843665212098866,96.56,Bug Fix,High,0.7,1.3
2023-06-03,E126,Team A,5,8.024780049655087,95.92,Feature Development,Low,2.92,3.37
2023-06-03,E127,Team C,4,9.647476136917344,73.44,Deployment,Low,2.3,1.95
2023-06-04,E123,Team D,5,9.029469167069138,87.42,User Support,Medium,0.54,0.75
2023-06-04,E124,Team C,9,6.917150818133587,80.85,Testing,Low,2.38,2.65
2023-06-04,E125,Team A,3,6.94746274936009,81.29,Code Review,High,0.05,1.07
2023-06-04,E126,Team C,9,6.204301923498674,96.06,Bug Fix,High,0.59,2.35
2023-06-04,E127,Team B,1,7.864217623289064,90.5,User Support,Medium,1.67,1.98
2023-06-05,E123,Team B,9,7.4955844104866,70.67,User Support,Low,1.9,3.29
2023-06-05,E124,Team A,10,6.808871424786011,66.88,Code Review,Low,0.52,1.8
2023-06-05,E125,Team C,9,7.649650773043239,96.01,Feature Development,Medium,2.24,1.89
2023-06-05,E126,Team B,1,7.358871909813315,99.63,Deployment,Low,2.14,0.82
2023-06-05,E127,Team A,1,8.993751215804485,84.19,Deployment,High,1.66,1.16
2023-06-06,E123,Team B,7,8.623506738127464,97.1,Deployment,Medium,0.85,2.08
2023-06-06,E124,Team D,6,8.77420228002698,81.52,User Support,High,1.78,2.6
2023-06-06,E125,Team D,4,7.900919757344591,62.3,Database Optimization,High,2.78,3.76
2023-06-06,E126,Team A,1,9.851775648380443,74.0,Deployment,High,1.88,3.17
2023-06-06,E127,Team C,4,8.879499601574516,86.82,System Maintenance,Low,2.59,2.47
2023-06-07,E123,Team C,5,6.850513910477991,98.12,User Support,Low,1.25,1.46
2023-06-07,E124,Team A,3,6.94312829815776,64.63,Database Optimization,Low,0.34,0.52
2023-06-07,E125,Team D,6,8.386127935979099,68.95,Testing,Medium,1.03,3.6
2023-06-07,E126,Team A,9,8.550079240624552,82.34,Deployment,High,1.92,0.7
2023-06-07,E127,Team D,8,9.763434640650091,77.88,Code Review,High,2.9,0.76
2023-06-08,E123,Team A,8,7.2656549903211225,84.58,Code Review,Low,1.18,1.07
2023-06-08,E124,Team B,5,9.301906156058903,81.15,Database Optimization,High,1.81,1.12
2023-06-08,E125,Team A,7,8.864236867245737,77.95,Testing,Low,0.13,0.11
2023-06-08,E126,Team C,10,7.987632731050731,87.24,Testing,Low,0.82,0.91
2023-06-08,E127,Team A,2,7.616329776242621,63.58,Documentation,High,2.72,2.09
2023-06-09,E123,Team D,1,6.689432290397701,62.24,Security Patching,Medium,2.51,3.58
2023-06-09,E124,Team D,6,9.907849938286121,83.74,Documentation,High,0.58,2.0
2023-06-09,E125,Team A,5,8.457904312686939,73.55,User Support,High,1.31,1.27
2023-06-09,E126,Team D,2,6.885238071052154,86.44,System Maintenance,Medium,0.92,0.41
2023-06-09,E127,Team B,7,8.94528578015758,93.07,User Support,Medium,2.14,3.98
2023-06-10,E123,Team D,9,7.267225456381639,70.73,Security Patching,Medium,0.31,1.26
2023-06-10,E124,Team B,3,6.1567697477918975,88.85,Feature Development,Low,2.29,0.43
2023-06-10,E125,Team C,5,8.742154755833756,64.4,Database Optimization,Medium,0.33,2.79
2023-06-10,E126,Team C,8,9.597090294023149,69.7,Deployment,Medium,1.81,1.94
2023-06-10,E127,Team A,8,9.655010222381847,61.73,Database Optimization,High,0.0,2.81
2023-06-11,E123,Team C,3,9.207199063115247,97.03,Security Patching,Medium,0.94,1.22
2023-06-11,E124,Team D,1,7.43894186733406,75.66,Feature Development,High,1.08,2.64
2023-06-11,E125,Team B,10,8.97565622188953,84.91,Security Patching,Medium,0.08,3.27
2023-06-11,E126,Team A,9,7.128838825414514,61.82,Bug Fix,Low,0.99,2.85
2023-06-11,E127,Team B,8,7.574391774333144,95.87,Code Review,High,0.98,3.64
2023-06-12,E123,Team D,8,7.987763807712483,74.33,System Maintenance,High,2.47,1.97
2023-06-12,E124,Team B,2,9.19590263805174,91.1,Feature Development,Low,1.01,0.01
2023-06-12,E125,Team A,2,9.871487168497636,61.75,User Support,Low,1.6,0.89
2023-06-12,E126,Team B,10,8.637257763078798,94.93,Feature Development,Medium,1.82,3.39
2023-06-12,E127,Team C,4,8.247673818243094,67.3,Feature Development,High,0.32,0.61
2023-06-13,E123,Team D,5,6.06569141773603,89.43,Database Optimization,Medium,0.12,2.38
2023-06-13,E124,Team C,9,8.57211744505905,76.24,User Support,Medium,0.4,3.76
2023-06-13,E125,Team D,2,7.473888767593964,78.79,Documentation,Low,0.11,3.11
2023-06-13,E126,Team A,6,6.108453769610926,74.59,Deployment,Medium,1.95,2.53
2023-06-13,E127,Team A,7,7.897708413659097,82.16,Database Optimization,Medium,2.48,2.64
2023-06-14,E123,Team A,7,7.4990301777890025,94.77,Testing,Medium,2.42,2.26
2023-06-14,E124,Team D,7,7.13223238611611,70.64,Database Optimization,Medium,2.66,1.0
2023-06-14,E125,Team A,8,8.793233994548531,89.25,Deployment,High,2.71,0.84
2023-06-14,E126,Team C,8,9.678137047105826,93.16,Testing,Low,1.54,2.81
2023-06-14,E127,Team D,4,9.481360187399066,72.92,Database Optimization,High,0.06,0.84
2023-06-15,E123,Team B,6,6.199128669222102,66.47,Database Optimization,Medium,0.43,1.65
2023-06-15,E124,Team D,1,9.292359357697919,91.93,Database Optimization,Medium,1.9,2.66
2023-06-15,E125,Team A,9,6.019935829689443,62.4,Code Review,Medium,0.18,1.81
2023-06-15,E126,Team B,6,7.2431879267594645,96.21,Feature Development,Medium,2.33,2.25
2023-06-15,E127,Team C,4,7.801255733039182,96.4,System Maintenance,Low,1.22,0.17
2023-06-16,E123,Team C,6,7.048922507498011,72.58,Testing,Medium,0.1,1.23
2023-06-16,E124,Team D,9,7.6427707470116815,79.66,System Maintenance,Low,0.52,3.76
2023-06-16,E125,Team A,10,8.683209521073447,78.13,Bug Fix,High,2.28,3.43
2023-06-16,E126,Team A,6,6.5710562157120265,62.4,Security Patching,Medium,0.78,1.82
2023-06-16,E127,Team C,10,6.312646875625379,98.17,Testing,High,0.98,1.28
2023-06-17,E123,Team D,6,7.227144210549365,68.71,Database Optimization,Medium,2.53,2.04
2023-06-17,E124,Team B,7,7.504474416718374,86.38,Security Patching,Low,1.29,3.17
2023-06-17,E125,Team C,6,9.098156514474812,81.24,Deployment,Medium,0.78,3.46
2023-06-17,E126,Team A,3,9.443123934485287,84.49,Deployment,High,0.71,3.0
2023-06-17,E127,Team B,6,7.574016145953877,79.74,User Support,Medium,0.87,0.16
2023-06-18,E123,Team C,9,8.158046249521703,64.49,Testing,Medium,0.72,2.85
2023-06-18,E124,Team C,4,9.185995111582686,80.83,Documentation,Medium,0.52,2.84
2023-06-18,E125,Team D,6,9.126081802755305,98.83,Database Optimization,Low,1.33,2.92
2023-06-18,E126,Team D,4,9.737598837920393,79.01,System Maintenance,Medium,0.41,3.63
2023-06-18,E127,Team C,7,9.732752280894688,91.47,Deployment,High,0.59,2.09
2023-06-19,E123,Team D,7,8.231953721489344,82.39,Deployment,Low,2.66,3.02
2023-06-19,E124,Team A,3,8.00806129364885,94.85,Testing,Low,2.57,2.28
2023-06-19,E125,Team C,9,9.34778925975448,94.73,Code Review,High,0.61,2.61
2023-06-19,E126,Team C,1,8.874599854229057,88.8,Code Review,Medium,0.58,3.6
2023-06-19,E127,Team C,4,6.670375094554711,65.42,User Support,Medium,0.07,3.97
2023-06-20,E123,Team A,8,7.34026262875658,88.57,Documentation,Low,2.71,0.33
2023-06-20,E124,Team B,2,8.308826363164556,74.47,Testing,Low,1.39,0.84
2023-06-20,E125,Team D,8,8.157981755668267,76.56,Deployment,Low,2.9,3.58
2023-06-20,E126,Team A,3,8.028378627845715,99.08,User Support,Medium,1.42,1.4
2023-06-20,E127,Team B,10,6.950791103928038,95.04,Database Optimization,Medium,1.2,0.97
2023-06-21,E123,Team A,8,7.277990176746774,62.06,System Maintenance,High,2.01,0.92
2023-06-21,E124,Team C,6,9.63853874998389,74.3,Bug Fix,High,1.32,3.11
2023-06-21,E125,Team C,4,8.799411321471398,74.66,User Support,Low,0.04,2.04
2023-06-21,E126,Team C,9,8.970983247403367,68.69,Security Patching,Medium,1.51,1.75
2023-06-21,E127,Team B,1,6.510112975795723,97.4,System Maintenance,High,1.64,3.96
2023-06-22,E123,Team D,5,8.049082393166076,68.17,Documentation,Low,2.2,3.09
2023-06-22,E124,Team B,6,6.279004832926457,74.32,System Maintenance,High,2.58,2.21
2023-06-22,E125,Team C,4,8.904243387296214,94.14,System Maintenance,Medium,2.68,0.51
2023-06-22,E126,Team C,9,6.465166414831405,93.04,User Support,Low,0.25,0.89
2023-06-22,E127,Team A,4,6.4437978048495985,61.47,Bug Fix,Low,1.18,2.74
2023-06-23,E123,Team B,5,7.965969702026878,80.24,Bug Fix,Low,1.99,2.32
2023-06-23,E124,Team B,5,7.1622230917207155,83.66,Testing,Medium,0.35,0.89
2023-06-23,E125,Team D,4,9.89640789682604,83.73,Code Review,Medium,0.11,2.0
2023-06-23,E126,Team C,10,6.0596919022279305,76.86,Bug Fix,High,2.6,1.6
2023-06-23,E127,Team B,8,6.270082787557455,91.41,Database Optimization,High,1.02,3.22
2023-06-24,E123,Team B,5,8.570331085420248,78.66,Database Optimization,High,0.85,2.59
2023-06-24,E124,Team A,1,9.15431242811889,91.67,Security Patching,Medium,2.0,0.15
2023-06-24,E125,Team C,1,6.654090048264678,93.28,Code Review,Low,2.3,0.61
2023-06-24,E126,Team D,5,7.050201872569225,62.88,Testing,Low,1.69,1.94
2023-06-24,E127,Team A,2,9.326293397465616,87.98,Database Optimization,High,1.11,0.93
2023-06-25,E123,Team B,6,7.349540216813521,93.29,Bug Fix,High,2.22,0.18
2023-06-25,E124,Team C,10,7.986107695801383,71.85,System Maintenance,Medium,1.34,0.7
2023-06-25,E125,Team C,10,9.170464145638604,76.27,Security Patching,Medium,1.42,0.59
2023-06-25,E126,Team C,8,8.334120943365582,75.08,Database Optimization,High,1.85,1.53
2023-06-25,E127,Team A,4,6.345731815778226,89.11,System Maintenance,Low,1.95,0.04
2023-06-26,E123,Team D,10,9.75995269695077,84.78,Database Optimization,Low,0.02,2.99
2023-06-26,E124,Team B,9,8.538013248406944,63.11,Security Patching,High,2.74,3.13
2023-06-26,E125,Team B,7,8.09376573384321,91.33,Documentation,High,1.71,1.46
2023-06-26,E126,Team A,3,9.083424737895015,97.19,Code Review,Low,2.77,3.64
2023-06-26,E127,Team B,5,9.449108203762567,79.97,System Maintenance,Medium,0.24,1.06
2023-06-27,E123,Team C,3,8.153487415156498,70.8,Bug Fix,Low,2.6,3.03
2023-06-27,E124,Team C,1,9.487357046488322,66.14,Code Review,High,1.34,0.92
2023-06-27,E125,Team A,7,6.611735280252759,69.38,System Maintenance,High,2.16,0.11
2023-06-27,E126,Team D,2,6.509417999913151,86.13,Database Optimization,High,1.53,2.55
2023-06-27,E127,Team B,6,6.108577810842483,99.99,Bug Fix,Medium,0.43,0.43
2023-06-28,E123,Team C,4,9.100996287204438,60.5,Database Optimization,High,0.87,3.0
2023-06-28,E124,Team A,7,6.085887060024296,75.97,Testing,High,1.3,2.99
2023-06-28,E125,Team D,3,6.446768120350769,67.69,Database Optimization,High,2.29,2.79
2023-06-28,E126,Team B,9,8.215188329034838,77.66,Bug Fix,Medium,1.24,0.4
2023-06-28,E127,Team D,1,7.208490863018541,89.78,Code Review,High,1.8,3.15
2023-06-29,E123,Team D,7,9.405392343711416,87.52,Testing,Medium,0.19,3.91
2023-06-29,E124,Team A,3,8.548544266308124,73.32,Database Optimization,Low,1.8,1.23
2023-06-29,E125,Team A,9,9.666338413185132,99.7,Code Review,Medium,0.16,1.5
2023-06-29,E126,Team D,2,6.755235743582572,76.13,System Maintenance,Medium,2.01,3.61
2023-06-29,E127,Team B,3,8.263746594942479,84.85,Documentation,High,1.99,2.33
2023-06-30,E123,Team D,7,8.094595601371235,91.21,Deployment,Low,1.15,3.15
2023-06-30,E124,Team A,7,8.559718324948907,87.83,Documentation,Low,0.38,1.09
2023-06-30,E125,Team C,2,9.293229369152295,61.3,Security Patching,Medium,2.18,1.8
2023-06-30,E126,Team A,2,9.97365731481277,65.77,Code Review,Low,2.3,2.63
2023-06-30,E127,Team A,2,7.064114121545854,92.87,Feature Development,Low,1.87,1.87
2023-07-01,E123,Team A,8,7.791270909553164,76.06,System Maintenance,High,2.23,1.98
2023-07-01,E124,Team C,7,8.764507471454044,98.73,System Maintenance,Low,2.83,2.52
2023-07-01,E125,Team A,3,7.45265040949972,92.88,Documentation,Low,0.73,0.5
2023-07-01,E126,Team D,6,8.912520840997802,90.42,User Support,Medium,0.37,1.12
2023-07-01,E127,Team D,8,8.029313277657312,99.63,Testing,Low,0.12,1.62
2023-07-02,E123,Team B,7,9.781458230398389,75.61,Code Review,Low,0.59,0.63
2023-07-02,E124,Team B,1,7.893327035099025,92.64,Feature Development,Medium,0.7,2.85
2023-07-02,E125,Team B,3,9.066270407986627,64.99,Code Review,Medium,0.48,2.16
2023-07-02,E126,Team C,9,9.721624591769887,90.79,Documentation,Medium,1.03,1.52
2023-07-02,E127,Team C,6,7.712125713903186,60.71,System Maintenance,High,2.82,1.81
2023-07-03,E123,Team B,9,6.338360920361612,79.29,User Support,High,1.22,3.58
2023-07-03,E124,Team D,5,8.141012481211737,92.96,Documentation,Low,0.58,1.16
2023-07-03,E125,Team D,1,8.125079811798532,94.58,Security Patching,Low,2.12,3.87
2023-07-03,E126,Team A,5,9.577819148413809,67.67,Feature Development,Low,0.09,1.82
2023-07-03,E127,Team B,10,6.758665450500281,83.1,Database Optimization,Low,1.33,0.87
2023-07-04,E123,Team B,7,9.11834041262459,75.45,Bug Fix,Medium,2.09,2.56
2023-07-04,E124,Team B,3,9.560363939711472,99.07,System Maintenance,Medium,2.68,1.86
2023-07-04,E125,Team A,8,9.111799440305155,89.24,User Support,Medium,2.51,0.76
2023-07-04,E126,Team B,10,6.960886440698954,61.21,User Support,High,1.48,1.78
2023-07-04,E127,Team C,6,9.046682491057146,64.58,Bug Fix,Medium,2.64,1.19
2023-07-05,E123,Team B,10,6.166626906146183,84.58,Feature Development,Low,0.07,1.49
2023-07-05,E124,Team C,6,8.66209958528976,75.21,System Maintenance,High,1.41,2.01
2023-07-05,E125,Team C,4,9.749508633482284,81.76,System Maintenance,Medium,0.51,1.81
2023-07-05,E126,Team D,7,9.749371992999883,99.39,System Maintenance,Low,0.13,0.56
2023-07-05,E127,Team B,7,6.514819203913932,78.42,Testing,High,1.11,1.49
2023-07-06,E123,Team B,6,6.848255503371199,92.44,Deployment,Low,1.78,3.44
2023-07-06,E124,Team B,2,8.73564274630092,91.11,System Maintenance,Medium,1.49,0.27
2023-07-06,E125,Team A,6,6.471106595649266,94.95,Deployment,High,0.63,0.38
2023-07-06,E126,Team D,9,9.842878333406043,83.41,Feature Development,Medium,0.01,3.76
2023-07-06,E127,Team D,8,9.230141308141832,77.75,System Maintenance,Low,1.46,0.08
2023-07-07,E123,Team B,5,6.9925309753731515,71.83,Feature Development,High,2.89,1.35
2023-07-07,E124,Team C,9,6.9523739049965965,72.65,Bug Fix,High,2.59,2.03
2023-07-07,E125,Team A,3,9.133642497366925,64.05,Deployment,Medium,0.36,1.33
2023-07-07,E126,Team C,6,9.761484739788347,71.63,System Maintenance,Medium,2.52,2.6
2023-07-07,E127,Team B,2,9.226208698409733,73.63,Database Optimization,Low,1.54,3.41
2023-07-08,E123,Team D,1,9.25706595751888,64.77,Database Optimization,High,2.33,2.2
2023-07-08,E124,Team C,5,6.339273175434576,74.94,Deployment,Low,2.5,1.15
2023-07-08,E125,Team C,5,6.957077253141265,65.75,Deployment,Medium,1.3,3.1
2023-07-08,E126,Team C,5,8.539058877248207,71.94,Testing,High,0.55,1.94
2023-07-08,E127,Team A,7,9.785682248464603,86.11,Code Review,Low,0.24,3.02
2023-07-09,E123,Team D,8,9.001243443965102,76.98,Documentation,High,0.35,1.94
2023-07-09,E124,Team B,4,9.802045689900476,65.33,Code Review,Medium,0.69,3.43
2023-07-09,E125,Team B,9,9.769713295813307,78.03,Testing,High,0.34,2.38
2023-07-09,E126,Team A,2,7.8902340164930385,99.35,Deployment,Low,0.23,1.13
2023-07-09,E127,Team B,2,8.212990457255971,69.74,Security Patching,Medium,1.55,2.33
2023-07-10,E123,Team B,4,9.358801112310285,70.39,Deployment,Low,0.76,1.14
2023-07-10,E124,Team C,7,6.6797868477420295,82.94,Deployment,High,0.18,2.76
2023-07-10,E125,Team C,3,9.59099128980193,98.84,System Maintenance,High,1.73,3.61
2023-07-10,E126,Team B,7,6.391985783580665,68.41,Code Review,Low,0.7,3.48
2023-07-10,E127,Team B,1,7.342696139208585,92.69,Database Optimization,Low,1.55,3.35
2023-07-11,E123,Team B,1,9.806014078662585,80.49,System Maintenance,High,2.57,1.23
2023-07-11,E124,Team A,8,8.468103180230544,81.05,Database Optimization,Low,0.78,1.55
2023-07-11,E125,Team B,7,8.51167132649155,82.55,Documentation,High,2.38,3.45
2023-07-11,E126,Team A,9,7.137215456805232,99.44,Feature Development,High,1.83,3.84
2023-07-11,E127,Team A,8,9.074536401893127,80.83,User Support,Low,1.72,3.61
2023-07-12,E123,Team C,8,7.96934855780027,65.63,Security Patching,High,1.67,0.92
2023-07-12,E124,Team B,10,7.119662213864023,85.02,Feature Development,Medium,2.45,1.45
2023-07-12,E125,Team C,5,9.338209645544516,62.51,Bug Fix,Low,2.06,1.32
2023-07-12,E126,Team D,4,9.026381546381225,88.63,Database Optimization,Low,2.24,1.15
2023-07-12,E127,Team A,2,6.88705498188408,84.76,Database Optimization,High,2.78,3.35
2023-07-13,E123,Team A,8,8.341939694498713,70.39,Feature Development,High,2.67,0.62
2023-07-13,E124,Team C,2,7.554593893070903,67.47,Deployment,Medium,2.05,3.75
2023-07-13,E125,Team A,8,7.739467308188568,76.77,Deployment,High,0.53,0.14
2023-07-13,E126,Team C,5,6.962288074869209,62.74,Documentation,Low,2.95,1.51
2023-07-13,E127,Team D,9,9.804462987682552,77.21,Code Review,Low,0.2,0.04
2023-07-14,E123,Team B,6,6.571113165214695,62.83,Feature Development,Medium,2.45,3.33
2023-07-14,E124,Team B,1,8.840750309505754,78.7,Testing,High,2.85,1.86
2023-07-14,E125,Team B,7,9.872894551296628,85.37,User Support,Medium,0.14,2.78
2023-07-14,E126,Team D,7,6.958500931456504,76.87,Deployment,Medium,2.72,0.99
2023-07-14,E127,Team A,4,6.859337748680826,83.49,System Maintenance,High,2.88,2.72
2023-07-15,E123,Team B,6,6.180201054112392,76.85,System Maintenance,High,2.4,3.16
2023-07-15,E124,Team B,1,8.23166446560241,72.62,Testing,Medium,2.94,1.56
2023-07-15,E125,Team C,6,9.524161400159688,93.68,System Maintenance,Low,1.71,2.75
2023-07-15,E126,Team D,8,9.428544631159841,85.12,User Support,Medium,1.44,3.29
2023-07-15,E127,Team B,2,8.94863977077091,87.48,Deployment,Low,0.78,2.17
2023-07-16,E123,Team B,8,7.203855714662882,82.03,Bug Fix,Low,0.41,3.09
2023-07-16,E124,Team A,5,8.130243614143529,79.22,Bug Fix,High,1.06,3.79
2023-07-16,E125,Team C,7,9.70710754050316,63.64,Database Optimization,Medium,0.82,3.59
2023-07-16,E126,Team A,10,9.185856136668772,89.03,Bug Fix,Medium,0.72,1.96
2023-07-16,E127,Team D,9,7.3940903523059065,80.2,Documentation,Low,0.08,0.72
2023-07-17,E123,Team A,10,8.608808035240296,83.84,Code Review,Medium,2.12,3.84
2023-07-17,E124,Team A,9,8.057375071506897,71.47,Feature Development,Low,0.64,2.65
2023-07-17,E125,Team D,5,7.475964460558266,65.37,Deployment,Low,0.49,3.5
2023-07-17,E126,Team D,9,7.451865112202664,60.9,Database Optimization,Medium,0.67,0.54
2023-07-17,E127,Team A,9,6.1657749067585925,68.73,Deployment,High,1.33,1.64
2023-07-18,E123,Team A,10,8.27823383085889,66.23,Documentation,High,0.17,1.28
2023-07-18,E124,Team A,6,8.011682619626889,94.59,Deployment,Low,1.74,3.22
2023-07-18,E125,Team B,3,7.441800131567938,79.22,Deployment,High,1.46,3.3
2023-07-18,E126,Team C,3,8.111525987492689,75.71,Database Optimization,Low,0.18,1.64
2023-07-18,E127,Team C,4,6.361858266377499,77.35,Bug Fix,Low,2.75,0.29
2023-07-19,E123,Team A,1,6.222017387408565,84.64,User Support,Medium,0.93,3.68
2023-07-19,E124,Team D,7,9.27542780039974,85.86,Documentation,Low,0.52,1.93
2023-07-19,E125,Team A,6,9.828380288640632,63.21,Security Patching,High,2.17,1.02
2023-07-19,E126,Team C,9,9.314746612627347,78.79,System Maintenance,High,1.85,2.41
2023-07-19,E127,Team C,3,9.77995567938132,70.87,Testing,Low,2.8,3.02
2023-07-20,E123,Team B,8,8.339983376846458,95.32,User Support,Medium,0.6,2.21
2023-07-20,E124,Team D,7,9.599399794415609,88.76,Feature Development,Low,0.96,2.39
2023-07-20,E125,Team D,2,7.03815938666927,93.63,System Maintenance,Medium,2.54,2.27
2023-07-20,E126,Team C,4,6.221196485426189,75.76,Documentation,Low,2.42,3.09
2023-07-20,E127,Team A,7,6.542862196548853,66.4,Database Optimization,High,1.67,1.77
2023-07-21,E123,Team A,9,8.4832198654992,96.11,Documentation,High,2.2,0.53
2023-07-21,E124,Team C,9,8.300425996041833,66.2,Code Review,Low,2.3,0.63
2023-07-21,E125,Team B,3,8.015602323600604,78.62,Bug Fix,High,0.01,1.66
2023-07-21,E126,Team B,6,8.524781724031616,66.96,Deployment,Low,0.72,2.5
2023-07-21,E127,Team D,8,9.838340083256728,87.38,Code Review,Medium,2.61,1.51
2023-07-22,E123,Team A,9,7.551503368645086,75.39,Deployment,Medium,1.16,3.07
2023-07-22,E124,Team D,3,7.0322598550515,82.36,Database Optimization,Low,2.65,0.74
2023-07-22,E125,Team C,1,8.454862438440493,81.3,System Maintenance,Medium,1.01,1.63
2023-07-22,E126,Team A,1,9.309086054756024,75.68,Code Review,Medium,1.18,3.58
2023-07-22,E127,Team D,5,9.715056304139578,93.95,Documentation,High,2.54,1.9
2023-07-23,E123,Team A,4,8.757980811155594,81.33,Security Patching,Low,1.44,3.71
2023-07-23,E124,Team C,9,8.906309163016457,76.0,Code Review,High,2.54,3.57
2023-07-23,E125,Team A,10,7.8543530465420055,71.38,Bug Fix,Low,2.8,2.28
2023-07-23,E126,Team D,4,9.011060171423226,77.45,User Support,Medium,2.6,2.96
2023-07-23,E127,Team A,2,9.91159117498526,85.12,Feature Development,Low,1.19,0.02
2023-07-24,E123,Team C,7,8.530589516712165,86.0,Bug Fix,Medium,1.28,2.87
2023-07-24,E124,Team C,6,8.860438199182259,82.16,Deployment,Low,1.65,0.67
2023-07-24,E125,Team C,6,7.743770889684033,96.84,Documentation,Medium,2.8,1.1
2023-07-24,E126,Team D,1,7.415593971396522,62.84,Testing,Low,1.03,3.85
2023-07-24,E127,Team A,6,6.042795938126481,99.35,Documentation,High,2.53,3.58
2023-07-25,E123,Team D,10,7.287812790857725,73.07,Security Patching,Medium,1.92,3.46
2023-07-25,E124,Team D,1,8.026461432922186,92.34,Testing,Medium,2.77,0.29
2023-07-25,E125,Team A,3,6.396893905294176,72.87,Database Optimization,High,2.27,0.44
2023-07-25,E126,Team A,3,8.871303234452396,92.05,Code Review,Medium,2.3,0.24
2023-07-25,E127,Team B,3,7.261826875758635,99.28,Deployment,Medium,1.4,2.53
2023-07-26,E123,Team D,10,7.074286658862703,76.44,System Maintenance,Low,2.13,3.03
2023-07-26,E124,Team B,10,9.556483071882411,67.28,Security Patching,High,0.33,3.03
2023-07-26,E125,Team A,6,7.812589341568581,75.26,Deployment,Medium,2.09,2.75
2023-07-26,E126,Team B,4,6.296700886454232,86.44,System Maintenance,Medium,1.17,0.87
2023-07-26,E127,Team D,1,9.887469696977714,89.66,Deployment,High,1.08,1.57
2023-07-27,E123,Team D,3,7.100513619797818,82.01,Deployment,Medium,1.91,3.03
2023-07-27,E124,Team D,2,8.54747106679982,86.97,Database Optimization,High,0.07,3.31
2023-07-27,E125,Team D,9,7.9882260783781565,83.41,Feature Development,Low,1.56,3.27
2023-07-27,E126,Team C,3,7.054785658290545,91.67,Code Review,Low,2.2,0.12
2023-07-27,E127,Team C,5,9.033601896932375,96.83,Bug Fix,Medium,2.38,1.93
2023-07-28,E123,Team A,8,9.721664290396662,94.4,Deployment,High,1.7,3.9
2023-07-28,E124,Team B,1,7.727892609309632,79.39,Security Patching,Low,0.22,1.62
2023-07-28,E125,Team A,2,8.892640217666372,84.53,Feature Development,Medium,0.92,3.58
2023-07-28,E126,Team C,2,6.800214844189664,67.13,Security Patching,Low,0.14,2.48
2023-07-28,E127,Team D,7,6.997474825847457,75.42,Documentation,Low,0.95,3.13
2023-07-29,E123,Team B,10,8.724298452658552,86.58,System Maintenance,High,2.43,2.15
2023-07-29,E124,Team D,4,8.88100931146188,86.76,Security Patching,Low,2.04,1.25
2023-07-29,E125,Team B,2,7.344136275990481,84.22,Documentation,High,0.88,1.5
2023-07-29,E126,Team B,7,9.907408416857294,78.77,Code Review,Medium,1.97,3.29
2023-07-29,E127,Team C,3,6.894148942426546,68.2,Bug Fix,Medium,1.08,1.87
2023-07-30,E123,Team A,10,6.328472265940881,98.77,Feature Development,Medium,0.94,3.28
2023-07-30,E124,Team D,1,9.087351723045828,81.42,User Support,Low,0.58,2.53
2023-07-30,E125,Team B,10,9.602663202714975,79.45,Feature Development,Low,2.17,1.72
2023-07-30,E126,Team B,3,6.568516531815357,88.43,Testing,Medium,2.24,2.56
2023-07-30,E127,Team D,10,7.737378352027122,80.79,Deployment,High,0.08,2.86
2023-07-31,E123,Team A,3,8.884344891370372,64.97,User Support,High,0.04,0.96
2023-07-31,E124,Team C,3,8.710040058112169,65.84,Documentation,High,2.62,2.52
2023-07-31,E125,Team A,1,6.801364391412979,63.53,System Maintenance,Medium,2.47,2.32
2023-07-31,E126,Team D,4,9.03682796011239,79.41,User Support,High,0.4,3.56
2023-07-31,E127,Team A,9,9.79281528476267,69.59,Security Patching,Medium,1.89,2.36
2023-08-01,E123,Team A,9,8.752008286669781,77.94,Testing,Low,0.51,3.85
2023-08-01,E124,Team C,8,8.107352145628496,64.35,Deployment,Low,0.73,2.41
2023-08-01,E125,Team B,6,7.650059906442656,89.65,Testing,Low,1.25,2.12
2023-08-01,E126,Team B,2,9.027373756168704,83.48,Database Optimization,High,2.92,2.65
2023-08-01,E127,Team C,8,7.952032982259443,72.96,Feature Development,Low,1.62,3.29
2023-08-02,E123,Team D,3,9.699427915225778,96.99,System Maintenance,Low,0.94,3.83
2023-08-02,E124,Team D,6,7.140561755465634,71.74,Testing,Low,1.03,2.17
2023-08-02,E125,Team D,3,9.618493278346635,66.7,Feature Development,Medium,2.92,3.49
2023-08-02,E126,Team D,4,8.458001821684643,66.41,Code Review,Medium,0.61,1.31
2023-08-02,E127,Team A,2,8.978015652004899,86.71,Bug Fix,Medium,1.83,3.65
2023-08-03,E123,Team D,6,6.0520880514933815,89.86,User Support,High,0.77,1.76
2023-08-03,E124,Team C,7,7.341869981596204,66.02,Documentation,Medium,0.28,1.88
2023-08-03,E125,Team B,1,9.98183578091875,76.99,Documentation,High,2.2,0.29
2023-08-03,E126,Team B,3,9.681780523513076,87.55,System Maintenance,Medium,2.7,2.88
2023-08-03,E127,Team D,1,6.077649286849447,86.77,Bug Fix,High,2.97,3.96
2023-08-04,E123,Team A,3,6.964606134169809,60.14,Feature Development,Low,2.79,0.17
2023-08-04,E124,Team A,7,9.357816683424799,95.02,User Support,Medium,1.4,1.02
2023-08-04,E125,Team C,1,9.59699384676754,61.72,Bug Fix,Medium,2.4,0.57
2023-08-04,E126,Team D,4,6.003422398506057,63.89,Documentation,Low,2.04,2.2
2023-08-04,E127,Team C,4,9.032443902959052,63.31,Deployment,High,2.5,1.89
2023-08-05,E123,Team C,6,6.035183287210091,93.23,User Support,Medium,1.21,3.91
2023-08-05,E124,Team D,7,6.719639204075715,75.49,Feature Development,Low,0.78,3.71
2023-08-05,E125,Team B,10,8.930902659605628,62.75,System Maintenance,Low,1.78,1.43
2023-08-05,E126,Team B,4,6.476922657479474,91.35,Feature Development,Medium,0.65,2.43
2023-08-05,E127,Team B,5,6.744302782468882,89.82,Testing,Low,0.55,2.17
2023-08-06,E123,Team A,6,8.736164306150034,96.19,Documentation,High,2.1,2.82
2023-08-06,E124,Team C,7,6.6582682043225505,74.34,Documentation,Low,2.28,2.34
2023-08-06,E125,Team D,7,7.203075325220038,75.24,Security Patching,Medium,1.99,0.0
2023-08-06,E126,Team D,7,6.008717345639275,85.03,Security Patching,Medium,0.47,1.66
2023-08-06,E127,Team A,3,8.644162329566317,98.32,Documentation,High,0.88,2.4
2023-08-07,E123,Team A,5,9.222849805443499,95.5,Security Patching,Low,0.45,1.7
2023-08-07,E124,Team B,3,8.939702308643412,63.76,Bug Fix,Medium,1.63,3.06
2023-08-07,E125,Team D,10,7.7217082511881205,73.89,System Maintenance,Medium,2.18,0.75
2023-08-07,E126,Team C,9,7.656239290025501,74.82,Bug Fix,Low,1.39,0.92
2023-08-07,E127,Team C,4,8.948996619720734,97.31,Bug Fix,High,1.74,0.09
2023-08-08,E123,Team C,7,9.228462120864595,88.96,User Support,Medium,1.15,3.37
2023-08-08,E124,Team A,2,8.777125322532212,96.58,Documentation,High,2.48,0.95
2023-08-08,E125,Team B,3,6.9146308999142105,98.57,Documentation,High,2.03,1.6
2023-08-08,E126,Team D,8,6.122334271672091,61.05,Code Review,Medium,0.42,0.15
2023-08-08,E127,Team A,1,6.911994309726651,67.03,Database Optimization,Medium,0.67,0.98
2023-08-09,E123,Team C,4,9.057571746364456,71.72,Database Optimization,Low,1.79,0.95
2023-08-09,E124,Team C,9,9.001934364956494,98.51,Code Review,Medium,0.58,3.96
2023-08-09,E125,Team C,8,6.900500173220662,62.48,System Maintenance,Low,1.11,3.16
2023-08-09,E126,Team D,5,9.883168770973473,99.71,User Support,Medium,2.38,0.96
2023-08-09,E127,Team A,4,8.452434406647784,69.12,Security Patching,High,0.1,0.64
2023-08-10,E123,Team B,7,6.558378252806849,93.68,Security Patching,Low,2.8,1.27
2023-08-10,E124,Team A,9,8.526982234725967,70.77,Database Optimization,High,0.13,2.21
2023-08-10,E125,Team C,10,7.478893013752984,91.95,Security Patching,High,2.44,2.53
2023-08-10,E126,Team D,9,6.670647541154246,74.53,Documentation,High,2.69,0.42
2023-08-10,E127,Team A,7,9.13234966894645,84.9,System Maintenance,High,2.72,2.97
2023-08-11,E123,Team B,10,9.641148916628335,82.76,User Support,High,0.46,0.49
2023-08-11,E124,Team A,4,7.816982236533998,67.76,Code Review,Low,2.93,1.53
2023-08-11,E125,Team A,3,7.462701513279105,94.06,Database Optimization,High,1.77,3.23
2023-08-11,E126,Team C,8,9.330235530096582,68.58,Deployment,High,1.11,0.74
2023-08-11,E127,Team C,4,9.023681246844866,72.2,Deployment,High,2.48,3.99
2023-08-12,E123,Team D,5,7.731798355055673,88.23,Code Review,High,2.62,3.9
2023-08-12,E124,Team B,7,7.09764989191152,87.94,User Support,Low,1.15,3.92
2023-08-12,E125,Team B,6,8.98146852160033,96.92,Documentation,Low,0.14,3.31
2023-08-12,E126,Team D,7,8.406316344093412,75.11,Database Optimization,Medium,0.92,3.08
2023-08-12,E127,Team B,3,8.162868484487323,95.85,System Maintenance,Low,2.54,2.08
2023-08-13,E123,Team D,2,9.426043535537303,97.64,Security Patching,Low,1.26,0.1
2023-08-13,E124,Team A,7,6.5973475583034515,75.97,Documentation,Medium,0.24,3.1
2023-08-13,E125,Team D,5,8.931836685116956,60.94,Security Patching,High,0.39,1.03
2023-08-13,E126,Team A,4,6.121999866570707,69.33,Testing,Low,0.31,2.74
2023-08-13,E127,Team D,10,7.050628798151148,66.15,User Support,Low,1.41,2.17
2023-08-14,E123,Team D,10,7.708859980837566,77.13,Documentation,Medium,0.27,1.84
2023-08-14,E124,Team B,6,7.217801498033552,69.32,Security Patching,High,1.56,3.74
2023-08-14,E125,Team A,6,7.847520597975024,93.92,Bug Fix,High,1.76,1.2
2023-08-14,E126,Team C,3,7.381495668773138,88.52,User Support,High,1.83,0.13
2023-08-14,E127,Team A,2,9.367590504434943,71.07,User Support,Medium,0.71,2.32
2023-08-15,E123,Team B,4,9.073105550721525,65.87,Deployment,Medium,2.79,2.84
2023-08-15,E124,Team B,9,9.39084876452073,89.7,User Support,Low,0.86,3.7
2023-08-15,E125,Team B,5,9.095180181423254,95.36,User Support,Low,2.12,3.47
2023-08-15,E126,Team B,9,7.60075938838302,75.03,Documentation,Low,0.8,1.09
2023-08-15,E127,Team D,10,7.81458452092414,72.31,Documentation,Low,2.98,1.38
2023-08-16,E123,Team B,1,8.07531857871518,60.63,System Maintenance,Medium,2.33,2.22
2023-08-16,E124,Team D,7,8.345173389189414,84.47,Deployment,High,2.72,2.59
2023-08-16,E125,Team D,10,6.331323843898508,62.6,Deployment,Low,2.65,1.83
2023-08-16,E126,Team B,5,8.2738591940153,97.22,Code Review,Low,0.53,3.02
2023-08-16,E127,Team B,10,6.510666918969395,60.34,System Maintenance,Medium,2.33,3.02
2023-08-17,E123,Team D,9,6.147321800674339,93.05,Code Review,High,2.56,0.37
2023-08-17,E124,Team C,2,9.41475920683995,88.72,Code Review,Low,1.29,3.41
2023-08-17,E125,Team C,1,6.9303154180013635,70.17,Deployment,Low,1.94,3.94
2023-08-17,E126,Team D,8,7.658478913959646,74.49,Deployment,High,0.97,2.95
2023-08-17,E127,Team A,9,6.184250046851876,92.21,Deployment,Medium,2.19,0.13
2023-08-18,E123,Team B,9,9.570215728066893,61.03,Testing,Low,0.35,1.41
2023-08-18,E124,Team B,9,9.114201025727493,87.77,Deployment,High,0.17,1.93
2023-08-18,E125,Team A,10,7.081523669113538,94.11,Bug Fix,High,0.92,0.24
2023-08-18,E126,Team D,9,7.387503841566311,63.15,Feature Development,High,2.6,3.66
2023-08-18,E127,Team A,7,9.120212808952513,92.27,Documentation,High,2.53,3.88
2023-08-19,E123,Team A,2,7.549742539281832,76.88,Testing,High,0.54,3.06
2023-08-19,E124,Team C,8,9.732638733755397,94.42,Testing,High,2.59,3.27
2023-08-19,E125,Team C,8,7.036750227877095,82.7,Database Optimization,High,1.77,0.08
2023-08-19,E126,Team C,7,7.33411198259322,62.64,Security Patching,High,0.21,1.66
2023-08-19,E127,Team A,9,6.838297175264995,96.37,Feature Development,Medium,1.7,0.34
2023-08-20,E123,Team A,10,6.383642409386848,70.44,Security Patching,Medium,2.3,2.42
2023-08-20,E124,Team D,8,7.836079969749328,86.47,Deployment,Medium,2.74,1.77
2023-08-20,E125,Team D,8,7.993988304068818,90.15,Feature Development,Low,2.51,0.22
2023-08-20,E126,Team C,1,9.210278744564388,81.07,Code Review,Medium,1.0,2.89
2023-08-20,E127,Team D,10,9.563844103279393,92.57,User Support,Low,0.34,0.92
2023-08-21,E123,Team A,5,8.466428305937328,89.11,Feature Development,High,2.41,2.91
2023-08-21,E124,Team D,4,7.821554994834049,73.52,Documentation,Medium,0.36,2.12
2023-08-21,E125,Team C,1,9.720812009005808,90.51,Testing,Low,0.95,1.08
2023-08-21,E126,Team B,2,7.455551760535353,88.32,Testing,Medium,2.04,0.99
2023-08-21,E127,Team A,1,9.498258789490242,86.19,Bug Fix,Medium,0.52,1.69
2023-08-22,E123,Team A,5,8.303214999559877,88.31,Bug Fix,High,0.92,1.75
2023-08-22,E124,Team D,6,8.925813775106507,79.0,System Maintenance,High,0.71,0.27
2023-08-22,E125,Team D,1,9.992423481213379,90.14,Feature Development,High,1.07,0.57
2023-08-22,E126,Team D,3,6.3194621091066665,60.29,System Maintenance,Low,0.64,1.3
2023-08-22,E127,Team C,3,8.28826102930337,89.58,Feature Development,Low,0.57,2.33
2023-08-23,E123,Team B,1,8.161316596393831,78.56,Testing,High,1.76,0.89
2023-08-23,E124,Team B,10,7.28656022757079,93.22,User Support,Medium,1.51,0.48
2023-08-23,E125,Team A,6,8.875351341942627,73.2,Database Optimization,Medium,0.19,2.02
2023-08-23,E126,Team C,3,7.5784236037669634,64.9,User Support,Low,1.95,3.75
2023-08-23,E127,Team D,4,7.2944507198883795,62.36,Database Optimization,Medium,1.38,3.73
2023-08-24,E123,Team B,9,6.910219193615866,73.92,System Maintenance,High,0.43,2.0
2023-08-24,E124,Team C,1,7.836616685767231,85.31,Bug Fix,Medium,1.74,1.79
2023-08-24,E125,Team D,7,6.2767001662412865,78.63,Database Optimization,High,1.6,3.22
2023-08-24,E126,Team C,9,9.717826695435125,81.58,Security Patching,Medium,2.68,0.09
2023-08-24,E127,Team A,4,8.865710796864574,66.01,User Support,Low,2.32,2.56
2023-08-25,E123,Team C,6,8.69413113156105,79.33,Deployment,High,0.65,1.88
2023-08-25,E124,Team D,2,7.158824865016719,87.65,Code Review,Medium,1.12,2.57
2023-08-25,E125,Team B,9,7.395901041757149,84.71,Security Patching,Medium,0.94,2.3
2023-08-25,E126,Team C,5,6.777342902474968,66.57,Testing,High,2.45,0.84
2023-08-25,E127,Team C,5,6.231302609742859,90.12,Documentation,High,0.63,1.29
2023-08-26,E123,Team B,7,8.893626407536434,84.16,Deployment,High,2.28,2.97
2023-08-26,E124,Team B,10,6.128051860275271,95.4,Deployment,High,0.07,1.27
2023-08-26,E125,Team D,1,8.08552411326428,82.93,Bug Fix,Low,1.01,0.89
2023-08-26,E126,Team A,3,6.775969172868162,90.76,Documentation,Low,2.82,3.92
2023-08-26,E127,Team B,1,6.397160393678755,93.38,Deployment,Low,2.31,0.79
2023-08-27,E123,Team B,3,7.618506397725454,84.58,Feature Development,Low,2.71,1.82
2023-08-27,E124,Team D,8,7.0106911067811755,93.06,Testing,Low,1.25,3.89
2023-08-27,E125,Team D,3,6.936752719850661,66.57,Database Optimization,Medium,1.24,0.89
2023-08-27,E126,Team A,6,7.208901178499181,85.38,Feature Development,High,0.13,0.27
2023-08-27,E127,Team A,7,8.316387185230404,90.33,Deployment,Low,0.01,2.37
2023-08-28,E123,Team D,5,7.0624670957871505,77.09,Testing,Medium,0.44,1.03
2023-08-28,E124,Team C,4,7.729329524403926,70.16,Documentation,High,1.61,2.54
2023-08-28,E125,Team C,2,9.732129411463529,79.26,Deployment,High,1.66,2.79
2023-08-28,E126,Team A,9,6.117183118615166,63.37,Documentation,High,2.41,0.02
2023-08-28,E127,Team C,9,6.986360419648392,89.22,User Support,High,1.21,1.45
2023-08-29,E123,Team C,10,7.066941423324076,67.2,Code Review,Low,1.65,0.36
2023-08-29,E124,Team B,4,7.555260976909756,87.85,Documentation,Medium,1.21,1.45
2023-08-29,E125,Team D,5,7.548257109420243,60.29,Documentation,High,1.7,0.37
2023-08-29,E126,Team A,9,8.933768021102544,78.79,User Support,Low,2.84,1.48
2023-08-29,E127,Team A,2,9.475268919224979,89.3,Testing,Low,1.28,0.96
2023-08-30,E123,Team A,8,7.9994726721456235,91.0,Documentation,High,0.05,0.73
2023-08-30,E124,Team C,7,6.114616102232225,76.61,Database Optimization,Medium,0.51,2.42
2023-08-30,E125,Team A,2,8.90682477054597,92.74,Feature Development,Low,1.79,2.26
2023-08-30,E126,Team D,4,7.783041589017891,76.39,Code Review,Medium,2.26,0.43
2023-08-30,E127,Team B,1,6.4397555107203335,70.07,Deployment,Low,2.19,1.42
2023-08-31,E123,Team A,1,6.970363348159598,70.35,Database Optimization,Low,1.33,1.69
2023-08-31,E124,Team C,2,8.427948718947498,85.4,Database Optimization,Low,1.9,3.75
2023-08-31,E125,Team D,4,7.308255201107275,81.33,Security Patching,High,0.71,0.79
2023-08-31,E126,Team C,10,8.920594525954307,69.39,Bug Fix,Medium,2.59,2.22
2023-08-31,E127,Team D,4,9.478593458884077,65.75,Database Optimization,Low,1.38,0.91
2023-09-01,E123,Team C,5,6.586615365530755,89.46,System Maintenance,Low,0.57,3.85
2023-09-01,E124,Team D,9,7.277187607438702,92.2,Documentation,High,0.15,3.52
2023-09-01,E125,Team B,4,7.234181341170355,84.33,Testing,Low,1.33,2.21
2023-09-01,E126,Team D,9,7.229067767054737,84.01,User Support,High,2.78,3.62
2023-09-01,E127,Team B,10,7.385136093046109,65.24,Security Patching,High,1.63,3.95
2023-09-02,E123,Team B,9,9.530449745753781,96.91,Code Review,Medium,0.72,0.97
2023-09-02,E124,Team D,1,7.864154497208655,91.76,Code Review,Medium,1.47,0.39
2023-09-02,E125,Team A,6,7.884885383005143,63.9,Documentation,High,0.15,1.79
2023-09-02,E126,Team D,3,7.516858491504206,71.15,Documentation,Medium,0.83,2.92
2023-09-02,E127,Team C,3,6.112496890245879,86.42,Deployment,Low,1.87,3.45
2023-09-03,E123,Team B,6,8.70561472132534,74.08,Documentation,Medium,2.28,1.65
2023-09-03,E124,Team C,3,9.95707437179938,65.53,Testing,Medium,0.2,0.72
2023-09-03,E125,Team B,9,8.244087859453959,88.73,System Maintenance,High,1.71,0.94
2023-09-03,E126,Team C,5,9.921072501810627,60.62,Feature Development,Medium,1.21,0.94
2023-09-03,E127,Team C,7,6.873016596897387,75.46,Deployment,Medium,2.77,2.44
2023-09-04,E123,Team A,6,8.965676816591296,63.07,Deployment,High,1.09,3.29
2023-09-04,E124,Team D,1,7.394213404404319,61.54,Testing,Medium,0.39,2.75
2023-09-04,E125,Team D,3,8.644182984431437,72.18,Database Optimization,Low,0.44,1.77
2023-09-04,E126,Team D,3,9.93503652078637,88.02,Database Optimization,High,0.97,2.79
2023-09-04,E127,Team A,6,6.735563260958369,84.2,Documentation,Low,0.99,2.67
2023-09-05,E123,Team C,5,9.332127076847803,63.84,Database Optimization,Low,1.54,1.61
2023-09-05,E124,Team D,9,8.51777153106876,80.57,Documentation,High,2.59,2.0
2023-09-05,E125,Team A,8,6.464883394009084,60.22,User Support,Low,2.53,2.51
2023-09-05,E126,Team C,6,9.56265190112484,90.56,Deployment,Medium,0.46,0.21
2023-09-05,E127,Team A,4,8.399518034428265,94.45,Feature Development,Medium,0.06,3.49
2023-09-06,E123,Team B,9,6.622882919815529,66.97,User Support,Medium,2.28,3.58
2023-09-06,E124,Team D,2,9.320750232915135,99.99,Documentation,Medium,0.33,3.61
2023-09-06,E125,Team C,1,8.29833598594402,77.93,Code Review,Low,0.18,3.28
2023-09-06,E126,Team B,6,6.668942098489801,99.04,Database Optimization,Low,0.58,1.6
2023-09-06,E127,Team B,4,7.950907826091198,78.07,User Support,Low,0.85,1.47
2023-09-07,E123,Team B,4,6.876938805079236,87.97,Feature Development,Low,2.77,1.93
2023-09-07,E124,Team C,5,7.566663389571936,69.81,System Maintenance,High,2.82,1.99
2023-09-07,E125,Team C,1,7.904910892469876,95.75,Testing,Medium,2.46,3.27
2023-09-07,E126,Team D,3,8.402815730431243,96.24,Code Review,Medium,1.02,1.89
2023-09-07,E127,Team C,4,9.413946433503032,66.88,System Maintenance,Medium,1.09,2.96
2023-09-08,E123,Team D,9,6.566163187297855,82.88,Bug Fix,Medium,1.42,2.01
2023-09-08,E124,Team B,4,8.81693927863392,84.98,Security Patching,High,2.92,3.4
2023-09-08,E125,Team D,4,6.5492350557603825,91.44,Testing,High,1.15,3.2
2023-09-08,E126,Team B,10,7.580592204164286,82.31,Testing,Medium,1.7,1.69
2023-09-08,E127,Team B,7,8.434811203042486,91.14,Testing,Medium,1.93,3.59
2023-09-09,E123,Team B,8,9.145467745649857,93.12,System Maintenance,High,0.04,0.82
2023-09-09,E124,Team A,5,8.554373783517512,82.87,User Support,Low,1.3,2.63
2023-09-09,E125,Team B,6,7.874182090409419,82.17,System Maintenance,High,2.31,2.35
2023-09-09,E126,Team B,8,6.826469048716118,77.74,Code Review,Medium,1.1,3.94
2023-09-09,E127,Team C,1,7.366356839615193,83.81,User Support,High,0.68,1.37
2023-09-10,E123,Team B,10,6.265128753765303,76.15,Feature Development,Medium,2.0,0.66
2023-09-10,E124,Team A,9,9.260671999119428,99.74,Code Review,High,0.61,0.06
2023-09-10,E125,Team A,2,7.349063027643796,84.19,Bug Fix,Low,1.3,0.67
2023-09-10,E126,Team D,9,6.031422196898808,82.39,Database Optimization,Low,2.86,1.99
2023-09-10,E127,Team C,6,6.202347425239259,88.23,Deployment,High,1.97,0.38
2023-09-11,E123,Team D,5,6.068640159217553,62.68,Deployment,High,2.22,3.08
2023-09-11,E124,Team D,10,7.854597800860503,70.32,Security Patching,High,2.45,0.05
2023-09-11,E125,Team C,8,9.042322898907106,91.5,System Maintenance,Medium,1.5,1.07
2023-09-11,E126,Team A,8,6.712761549975825,64.39,Database Optimization,Low,2.38,1.16
2023-09-11,E127,Team D,9,7.487353479467817,85.92,Code Review,Medium,0.38,0.2
2023-09-12,E123,Team D,10,8.269578330161355,90.34,Code Review,High,1.26,1.61
2023-09-12,E124,Team B,5,8.117533412723061,84.23,Testing,High,2.17,2.2
2023-09-12,E125,Team A,1,7.663503770413682,62.39,Feature Development,Medium,2.48,2.15
2023-09-12,E126,Team D,5,9.931264397670105,90.22,User Support,Medium,0.82,3.36
2023-09-12,E127,Team D,5,8.693858904739958,95.18,Deployment,Low,0.7,3.21
2023-09-13,E123,Team D,3,8.302014672321464,82.94,Testing,Medium,0.1,3.39
2023-09-13,E124,Team C,9,6.09451537582055,79.86,Testing,Low,1.29,2.65
2023-09-13,E125,Team C,1,6.976894824904305,69.79,System Maintenance,Medium,2.29,2.66
2023-09-13,E126,Team A,1,9.387623065744403,66.26,Feature Development,Low,0.87,2.11
2023-09-13,E127,Team A,10,7.307826759397976,73.48,Documentation,Low,0.73,3.83
2023-09-14,E123,Team D,5,9.800221206439424,96.61,Documentation,Medium,0.92,3.38
2023-09-14,E124,Team C,1,9.81309876548994,90.69,Feature Development,High,1.4,3.86
2023-09-14,E125,Team D,10,9.993047323584413,72.79,Security Patching,High,2.77,3.32
2023-09-14,E126,Team A,8,8.488732780530839,63.65,Documentation,High,1.4,0.75
2023-09-14,E127,Team C,4,9.893856799887377,92.41,Documentation,High,1.4,2.15
2023-09-15,E123,Team C,5,9.696083827754121,88.59,Documentation,Low,2.25,1.51
2023-09-15,E124,Team A,2,9.588135790481331,70.78,Security Patching,Medium,2.63,0.46
2023-09-15,E125,Team D,1,8.393029611472837,64.34,Documentation,Low,2.24,0.58
2023-09-15,E126,Team B,1,8.858556339457202,95.37,Testing,High,0.46,3.34
2023-09-15,E127,Team C,9,9.502355952451719,80.8,Code Review,Medium,2.31,0.96
2023-09-16,E123,Team B,3,7.662634051136671,62.57,Deployment,Low,2.51,3.96
2023-09-16,E124,Team A,2,7.124742392183094,84.45,Deployment,Medium,2.53,2.51
2023-09-16,E125,Team D,3,8.345113097210838,98.79,Bug Fix,Low,2.53,0.71
2023-09-16,E126,Team D,10,8.171758649012885,88.86,Documentation,Low,2.34,2.04
2023-09-16,E127,Team C,3,7.759823310231872,95.73,User Support,High,2.96,0.74
2023-09-17,E123,Team D,1,7.758996723219651,98.1,Documentation,Medium,1.34,0.76
2023-09-17,E124,Team A,5,8.470546124666962,78.65,Code Review,Medium,1.24,3.03
2023-09-17,E125,Team C,4,8.159299603910918,91.06,Testing,Medium,2.93,3.56
2023-09-17,E126,Team D,5,6.627709943807172,64.75,Code Review,High,1.03,0.87
2023-09-17,E127,Team B,5,9.573747618890541,86.89,Documentation,Medium,1.13,0.68
2023-09-18,E123,Team D,3,9.044453562657413,95.63,Deployment,Low,1.41,1.86
2023-09-18,E124,Team C,9,8.78216136341551,60.47,User Support,High,1.13,1.95
2023-09-18,E125,Team A,6,7.968900779458098,97.8,System Maintenance,Medium,0.91,0.39
2023-09-18,E126,Team C,7,7.0027808363498965,88.27,User Support,Medium,2.58,2.23
2023-09-18,E127,Team C,1,7.545011782901823,74.0,Documentation,High,1.52,1.23
2023-09-19,E123,Team D,4,7.859408171064327,93.55,Testing,Medium,1.43,2.92
2023-09-19,E124,Team B,1,7.756221281373472,85.31,Bug Fix,High,0.68,3.2
2023-09-19,E125,Team C,5,6.774474276698715,91.77,Bug Fix,Low,2.78,0.88
2023-09-19,E126,Team D,8,9.316781035798751,67.38,Security Patching,High,3.0,0.18
2023-09-19,E127,Team D,7,6.730542160270347,88.58,Bug Fix,High,0.61,0.92
2023-09-20,E123,Team B,3,6.916882547594323,97.02,User Support,High,1.23,3.34
2023-09-20,E124,Team A,9,8.180216426343359,75.32,Security Patching,High,2.64,0.44
2023-09-20,E125,Team C,5,6.023298986999546,61.35,Security Patching,Low,2.15,0.96
2023-09-20,E126,Team B,1,8.044734155855002,65.32,Database Optimization,High,0.94,2.09
2023-09-20,E127,Team C,6,6.960630423241823,75.4,Feature Development,High,2.79,3.15
2023-09-21,E123,Team C,9,7.619721495444622,72.52,User Support,Medium,1.71,0.41
2023-09-21,E124,Team A,3,8.557544220147726,73.4,Database Optimization,High,0.73,1.6
2023-09-21,E125,Team C,3,8.530324675600736,69.28,System Maintenance,Medium,1.03,1.6
2023-09-21,E126,Team D,9,9.459347907866423,64.78,User Support,Medium,2.37,3.22
2023-09-21,E127,Team D,6,9.330282791864624,66.0,System Maintenance,High,1.92,3.43
2023-09-22,E123,Team C,4,7.787184980238349,93.58,Feature Development,High,0.21,2.34
2023-09-22,E124,Team B,5,6.247315592984817,95.37,Security Patching,Low,1.91,0.88
2023-09-22,E125,Team A,4,6.68542851002449,74.56,System Maintenance,High,0.06,2.91
2023-09-22,E126,Team A,3,6.314144061301821,85.12,Code Review,High,1.8,1.74
2023-09-22,E127,Team D,2,7.650708242221174,66.18,System Maintenance,High,0.81,0.68
2023-09-23,E123,Team D,7,9.509036042675422,98.7,Bug Fix,High,1.2,1.2
2023-09-23,E124,Team A,9,6.006053337132759,73.96,Documentation,High,1.89,0.39
2023-09-23,E125,Team C,5,6.735594462311097,94.46,User Support,Medium,2.31,0.56
2023-09-23,E126,Team D,6,6.11651428570544,61.72,Documentation,Low,2.75,3.34
2023-09-23,E127,Team B,6,9.111813264772852,97.24,System Maintenance,Low,1.28,0.7
2023-09-24,E123,Team B,2,8.897851673053436,62.36,Testing,Low,0.4,3.29
2023-09-24,E124,Team D,6,6.292160555418987,61.03,Deployment,High,2.28,1.28
2023-09-24,E125,Team B,3,6.779026789543478,95.44,Bug Fix,Medium,2.97,2.88
2023-09-24,E126,Team C,2,8.164714868404072,93.05,Database Optimization,Low,2.81,2.18
2023-09-24,E127,Team B,5,8.476541347727556,68.02,Deployment,High,1.25,0.47
2023-09-25,E123,Team D,7,7.046477921467525,73.08,Feature Development,Low,1.18,2.16
2023-09-25,E124,Team C,7,8.209749101196827,77.79,Code Review,Medium,0.41,0.65
2023-09-25,E125,Team B,2,6.42447184679421,90.28,Feature Development,Low,0.69,3.57
2023-09-25,E126,Team A,6,8.12373965703755,81.36,Documentation,High,0.64,3.42
2023-09-25,E127,Team B,9,6.250656340408007,78.16,Documentation,Medium,0.62,1.62
2023-09-26,E123,Team B,7,6.699988088308608,74.64,Database Optimization,Medium,0.5,3.49
2023-09-26,E124,Team A,7,7.961191826580077,91.64,Feature Development,Medium,0.58,3.69
2023-09-26,E125,Team B,1,7.26209848286937,96.78,Feature Development,Medium,2.89,1.27
2023-09-26,E126,Team A,3,9.554796341529661,95.05,Bug Fix,Medium,0.84,1.08
2023-09-26,E127,Team A,1,8.02652444242349,98.92,Database Optimization,Medium,1.28,0.05
2023-09-27,E123,Team D,6,8.704628939229798,70.58,User Support,Low,1.96,1.01
2023-09-27,E124,Team D,10,8.118238511045288,94.91,Bug Fix,Medium,2.76,0.0
2023-09-27,E125,Team C,7,7.891964578939152,79.44,Database Optimization,Medium,0.11,3.02
2023-09-27,E126,Team D,9,9.547705309413008,67.02,User Support,Medium,1.1,2.46
2023-09-27,E127,Team C,6,6.950239732341547,99.9,Code Review,Medium,1.32,0.91
2023-09-28,E123,Team A,2,7.417680263874638,76.3,Database Optimization,Medium,0.52,2.82
2023-09-28,E124,Team B,10,8.796299687416315,78.84,Testing,High,1.71,2.27
2023-09-28,E125,Team D,7,9.032217651190928,88.91,Feature Development,Medium,1.23,2.49
2023-09-28,E126,Team B,3,8.32465090420687,73.98,Feature Development,Medium,1.99,2.99
2023-09-28,E127,Team B,2,6.992047653884132,68.35,Bug Fix,Medium,1.37,2.31
2023-09-29,E123,Team B,5,8.980785134331718,65.63,Documentation,Medium,1.66,3.08
2023-09-29,E124,Team C,3,6.288529043691726,99.68,Security Patching,Low,1.46,3.79
2023-09-29,E125,Team A,5,7.235490449652536,74.77,Database Optimization,Low,0.91,3.92
2023-09-29,E126,Team B,1,7.578520038635725,63.28,Database Optimization,Medium,1.51,3.1
2023-09-29,E127,Team B,4,8.551270724464874,91.12,Documentation,Low,0.85,0.25
2023-09-30,E123,Team A,9,6.44484606388389,87.87,Deployment,High,0.25,2.93
2023-09-30,E124,Team D,1,6.919834811985639,79.91,Deployment,Low,1.12,1.93
2023-09-30,E125,Team B,2,9.936659425545582,60.21,Documentation,High,0.63,3.17
2023-09-30,E126,Team B,4,8.927422911100713,83.96,Deployment,Low,0.08,2.04
2023-09-30,E127,Team D,10,6.038537180902967,85.64,Database Optimization,High,2.2,2.13
2023-10-01,E123,Team B,5,7.851769838162285,98.53,User Support,Low,1.27,2.73
2023-10-01,E124,Team C,10,8.55208748284831,73.17,Testing,High,0.32,3.47
2023-10-01,E125,Team B,1,6.777231293670734,82.73,Documentation,Low,0.6,2.62
2023-10-01,E126,Team D,2,6.332128141965422,97.64,Database Optimization,High,1.62,2.58
2023-10-01,E127,Team C,1,6.465969717676609,76.71,Bug Fix,Low,0.34,0.58
2023-10-02,E123,Team D,7,8.91086808155326,62.0,Documentation,Low,2.53,0.53
2023-10-02,E124,Team B,7,9.63877464409365,95.82,System Maintenance,Low,2.44,3.93
2023-10-02,E125,Team B,2,6.82198221617571,84.92,Database Optimization,Low,1.35,1.9
2023-10-02,E126,Team B,8,6.778822643930361,60.47,Database Optimization,Low,0.94,1.91
2023-10-02,E127,Team B,9,6.640431725080127,87.3,System Maintenance,Medium,1.9,3.66
2023-10-03,E123,Team C,7,7.185165151330207,83.56,Database Optimization,High,1.12,1.72
2023-10-03,E124,Team D,8,6.380540837433966,97.4,Feature Development,Medium,1.48,3.3
2023-10-03,E125,Team B,8,7.549613283730556,62.16,Deployment,Medium,0.17,2.76
2023-10-03,E126,Team C,1,7.198458683017761,68.14,Feature Development,High,0.73,1.0
2023-10-03,E127,Team B,7,6.167347968237943,96.26,Security Patching,Low,2.76,2.29
2023-10-04,E123,Team A,6,9.708527216447006,95.32,Bug Fix,Medium,2.82,1.9
2023-10-04,E124,Team D,10,7.439726419533521,73.35,Database Optimization,Medium,2.23,1.99
2023-10-04,E125,Team B,6,6.625175176551839,88.01,System Maintenance,High,2.48,2.04
2023-10-04,E126,Team A,9,6.394898126152942,90.28,Bug Fix,Medium,0.41,3.82
2023-10-04,E127,Team A,4,7.78204034935605,62.93,Bug Fix,Low,1.82,2.33
2023-10-05,E123,Team A,6,9.134062300703059,94.15,Documentation,High,0.9,3.2
2023-10-05,E124,Team C,5,6.846684744907112,93.1,System Maintenance,High,1.48,1.08
2023-10-05,E125,Team B,4,9.760763135730127,99.79,Security Patching,Medium,1.75,2.08
2023-10-05,E126,Team D,2,9.157903400941807,63.69,User Support,Low,0.09,3.49
2023-10-05,E127,Team D,6,6.121224230638905,76.6,Security Patching,Medium,1.73,1.25
2023-10-06,E123,Team D,5,7.4896348284801295,64.48,Documentation,Low,0.79,3.15
2023-10-06,E124,Team B,2,9.631105149668247,70.29,Bug Fix,High,1.78,0.53
2023-10-06,E125,Team B,2,9.601399809210054,80.26,Database Optimization,Low,0.95,1.69
2023-10-06,E126,Team D,5,7.589993261987745,98.3,Code Review,High,1.04,1.1
2023-10-06,E127,Team A,5,7.341688563089875,72.22,Feature Development,Low,2.07,2.35
2023-10-07,E123,Team D,8,9.845366236749667,86.04,Security Patching,Low,0.86,2.0
2023-10-07,E124,Team C,5,9.542103481827239,84.14,Deployment,Medium,1.1,0.42
2023-10-07,E125,Team B,10,6.9535918167253445,87.86,Testing,Low,2.78,3.53
2023-10-07,E126,Team B,4,9.4009505987149,86.76,Security Patching,Medium,0.87,1.92
2023-10-07,E127,Team A,1,9.121733711575827,69.34,Bug Fix,High,2.72,2.33
2023-10-08,E123,Team D,8,6.730926047230632,66.76,Database Optimization,Low,2.21,0.71
2023-10-08,E124,Team D,7,6.848423632378177,75.68,Documentation,Medium,2.91,1.34
2023-10-08,E125,Team C,10,6.070903851550166,77.38,User Support,Low,2.83,2.25
2023-10-08,E126,Team B,5,9.029958520154196,83.77,Code Review,Low,0.84,0.75
2023-10-08,E127,Team A,4,6.291066033616099,89.69,Deployment,High,0.92,1.57
2023-10-09,E123,Team A,7,8.114597300128246,99.27,Documentation,Low,1.1,3.96
2023-10-09,E124,Team A,5,6.247619002251138,79.65,Documentation,Medium,2.82,0.78
2023-10-09,E125,Team D,10,8.180095236373301,95.03,Deployment,Low,0.03,2.48
2023-10-09,E126,Team A,2,6.836539754887655,73.33,System Maintenance,High,1.46,0.41
2023-10-09,E127,Team D,6,8.846184291226526,84.14,Security Patching,Medium,1.18,1.97
2023-10-10,E123,Team A,9,6.810753010464289,91.67,Feature Development,Medium,0.09,0.03
2023-10-10,E124,Team A,7,6.526236469066911,61.9,System Maintenance,Medium,1.37,3.38
2023-10-10,E125,Team B,6,8.547685606689374,80.34,Deployment,Medium,2.29,1.69
2023-10-10,E126,Team A,10,6.774899093743338,83.72,User Support,High,2.11,0.74
2023-10-10,E127,Team C,8,6.812306583481578,93.24,Security Patching,Medium,0.81,0.75
2023-10-11,E123,Team C,6,7.358450192877962,97.72,System Maintenance,Medium,2.18,3.42
2023-10-11,E124,Team D,8,6.3515070634844495,79.29,Deployment,Low,1.25,3.42
2023-10-11,E125,Team B,9,9.932462448238379,73.78,Security Patching,High,0.99,3.46
2023-10-11,E126,Team D,6,9.983607654999915,72.58,Code Review,High,2.08,1.39
2023-10-11,E127,Team D,3,8.904905624704881,79.89,Documentation,High,1.75,2.4
2023-10-12,E123,Team C,4,7.144032395674937,83.84,Documentation,Low,1.21,0.06
2023-10-12,E124,Team A,9,7.700756869785034,68.69,Documentation,High,2.1,0.26
2023-10-12,E125,Team A,2,9.973329978412272,70.26,Database Optimization,Medium,0.05,0.5
2023-10-12,E126,Team A,10,9.042094151611337,95.12,Bug Fix,High,2.76,1.06
2023-10-12,E127,Team D,4,8.118390443564756,81.33,Database Optimization,Low,2.89,0.34
2023-10-13,E123,Team D,4,8.190644523508704,62.84,Bug Fix,Low,0.47,1.93
2023-10-13,E124,Team C,3,6.509332712822231,61.23,Feature Development,High,0.3,2.84
2023-10-13,E125,Team A,1,7.095680492184783,76.69,User Support,High,2.04,3.2
2023-10-13,E126,Team B,9,8.140944058631472,87.17,Database Optimization,Low,1.06,0.14
2023-10-13,E127,Team D,4,7.230741347726366,70.14,Database Optimization,High,1.17,2.52
2023-10-14,E123,Team B,4,6.221875128652601,68.34,Security Patching,Medium,2.14,3.96
2023-10-14,E124,Team A,2,7.200104143235335,77.88,Documentation,High,0.65,2.99
2023-10-14,E125,Team A,6,9.598742044271354,62.37,Bug Fix,Low,2.23,0.34
2023-10-14,E126,Team D,8,6.929544561828028,63.46,Bug Fix,Low,2.57,1.66
2023-10-14,E127,Team A,3,8.091778020428425,88.08,Deployment,Low,2.87,3.41
2023-10-15,E123,Team C,7,9.00358240318102,91.83,User Support,Low,2.5,0.75
2023-10-15,E124,Team B,9,6.452671175554641,89.14,Testing,Low,2.25,1.04
2023-10-15,E125,Team C,1,8.998438590936603,96.55,Feature Development,Medium,0.58,2.63
2023-10-15,E126,Team D,1,9.235238964883674,99.44,Bug Fix,High,0.01,0.03
2023-10-15,E127,Team A,9,6.910917289578862,66.81,Documentation,High,1.65,1.51
2023-10-16,E123,Team C,8,9.030214310381728,99.8,Database Optimization,High,1.96,1.22
2023-10-16,E124,Team A,5,6.013858787447294,81.82,Code Review,High,0.81,2.95
2023-10-16,E125,Team C,4,7.2957205423413996,67.99,System Maintenance,Medium,0.65,2.71
2023-10-16,E126,Team D,6,7.2892256255395385,94.28,Code Review,Low,1.1,3.82
2023-10-16,E127,Team C,7,8.435443264521785,90.12,Bug Fix,High,1.25,3.38
2023-10-17,E123,Team B,8,6.15223039782622,69.55,Database Optimization,Medium,1.92,0.53
2023-10-17,E124,Team C,6,8.169339167688996,99.74,Bug Fix,High,1.34,2.31
2023-10-17,E125,Team A,4,9.26139475368469,92.98,User Support,High,2.06,0.5
2023-10-17,E126,Team C,1,9.824933792318294,86.48,Security Patching,High,0.82,0.48
2023-10-17,E127,Team A,5,8.41567602183089,76.11,Bug Fix,Medium,0.34,3.96
2023-10-18,E123,Team D,8,6.476247993040527,83.35,Database Optimization,Medium,1.58,0.08
2023-10-18,E124,Team C,9,9.39657082420748,78.47,Database Optimization,Low,2.1,0.13
2023-10-18,E125,Team C,6,6.64275067329806,87.41,System Maintenance,Medium,1.54,2.93
2023-10-18,E126,Team C,7,9.502862325286564,70.83,Feature Development,Medium,0.43,0.38
2023-10-18,E127,Team A,5,6.01827108449085,61.23,User Support,High,1.03,0.04
2023-10-19,E123,Team B,5,8.52497914109374,70.2,System Maintenance,Medium,2.77,0.8
2023-10-19,E124,Team D,9,7.051846685665843,91.47,Code Review,Medium,0.3,3.69
2023-10-19,E125,Team C,4,7.520280263553017,80.0,Testing,Medium,0.03,3.69
2023-10-19,E126,Team B,9,8.174945812313716,75.81,System Maintenance,Low,0.24,3.88
2023-10-19,E127,Team D,6,7.156493634809188,84.82,Testing,High,0.28,3.9
2023-10-20,E123,Team D,2,9.043843814274343,61.72,Code Review,Low,1.25,0.69
2023-10-20,E124,Team D,9,7.255473851935484,95.53,User Support,High,1.71,3.29
2023-10-20,E125,Team C,7,7.965275909477066,69.78,System Maintenance,Low,2.38,0.9
2023-10-20,E126,Team A,3,8.349158614300894,78.92,Documentation,Low,1.59,0.76
2023-10-20,E127,Team C,7,8.509799488470712,91.39,Feature Development,High,2.74,0.01
2023-10-21,E123,Team D,10,9.250580890465923,94.97,System Maintenance,Low,0.61,3.28
2023-10-21,E124,Team C,7,6.992269718914141,86.9,Documentation,Low,2.96,1.92
2023-10-21,E125,Team A,5,6.705104381599016,73.83,Documentation,Low,0.16,0.88
2023-10-21,E126,Team D,9,6.409644328640807,93.44,Database Optimization,Medium,1.25,0.67
2023-10-21,E127,Team B,1,7.895183158815746,97.23,Bug Fix,Medium,0.03,3.3
2023-10-22,E123,Team B,7,9.281664732234473,70.47,Feature Development,Low,2.5,3.75
2023-10-22,E124,Team C,8,6.874757599203978,79.86,Code Review,Low,0.19,0.59
2023-10-22,E125,Team B,3,7.4992149310665255,85.43,Security Patching,High,2.72,1.77
2023-10-22,E126,Team B,6,9.586712888156779,75.35,User Support,Low,2.48,0.17
2023-10-22,E127,Team B,8,7.191263515465206,71.58,Testing,Medium,2.56,1.82
2023-10-23,E123,Team D,2,8.442874763623685,93.25,Feature Development,Medium,1.61,1.82
2023-10-23,E124,Team D,6,7.347565377160146,61.82,System Maintenance,Medium,2.69,1.9
2023-10-23,E125,Team B,5,9.528586546363435,73.5,Documentation,Medium,2.85,1.99
2023-10-23,E126,Team D,8,9.988902489971036,81.76,User Support,High,1.97,1.32
2023-10-23,E127,Team C,1,6.763090950614355,96.05,Documentation,High,0.69,1.56
2023-10-24,E123,Team B,8,6.744186418571829,64.34,Documentation,Low,0.95,3.64
2023-10-24,E124,Team B,2,8.285986220432017,85.89,Testing,Low,1.4,1.37
2023-10-24,E125,Team C,4,6.837043709344515,88.84,Security Patching,Low,1.1,1.2
2023-10-24,E126,Team A,6,8.779678907559894,80.27,Database Optimization,High,2.97,3.13
2023-10-24,E127,Team B,9,8.141281443250989,92.99,Documentation,High,0.44,2.64
2023-10-25,E123,Team C,10,7.822536918032245,78.7,Documentation,Medium,0.06,1.1
2023-10-25,E124,Team A,7,9.799243236938128,91.88,Bug Fix,Medium,2.67,2.73
2023-10-25,E125,Team D,2,8.656906432497365,89.72,Security Patching,High,2.67,0.54
2023-10-25,E126,Team D,2,8.50871105325579,60.44,Testing,Medium,0.15,2.19
2023-10-25,E127,Team C,2,7.776841682553735,67.14,Feature Development,Low,0.79,0.25
2023-10-26,E123,Team C,1,6.606418529397768,85.98,Code Review,Low,1.71,2.09
2023-10-26,E124,Team B,9,7.818759678153978,62.85,Database Optimization,High,1.09,0.18
2023-10-26,E125,Team B,8,9.701460299826685,65.88,Bug Fix,Medium,2.79,2.16
2023-10-26,E126,Team D,5,8.78946335088147,96.52,Testing,Medium,1.25,2.87
2023-10-26,E127,Team A,1,8.250652878624607,60.57,Testing,High,0.13,3.95
2023-10-27,E123,Team D,8,7.947329382621362,84.28,User Support,Medium,1.48,3.17
2023-10-27,E124,Team B,10,7.635143121359529,66.17,Documentation,Low,2.69,1.21
2023-10-27,E125,Team C,7,7.468032535698139,63.21,Deployment,High,0.52,1.1
2023-10-27,E126,Team C,6,6.030247154550369,86.35,Testing,Medium,2.58,2.38
2023-10-27,E127,Team C,2,8.744974203599607,72.64,User Support,Low,2.12,2.74
2023-10-28,E123,Team B,8,6.400574726460464,63.1,Database Optimization,Medium,0.78,2.05
2023-10-28,E124,Team D,7,6.822369882387356,61.09,Feature Development,Low,2.77,2.51
2023-10-28,E125,Team A,2,8.457114028427055,61.69,Database Optimization,High,2.17,1.6
2023-10-28,E126,Team A,10,9.908179925987678,65.81,Code Review,Medium,0.95,3.85
2023-10-28,E127,Team C,4,9.135018241613286,98.02,Database Optimization,Medium,1.35,1.77
2023-10-29,E123,Team D,10,9.292139343209378,88.83,System Maintenance,High,1.02,3.58
2023-10-29,E124,Team C,2,8.754319211026843,82.77,Testing,High,1.55,0.12
2023-10-29,E125,Team B,7,6.378915046346171,88.68,System Maintenance,Low,2.5,0.43
2023-10-29,E126,Team C,6,6.959423783675693,94.99,Deployment,High,0.29,3.7
2023-10-29,E127,Team A,10,8.042420098635986,73.07,Database Optimization,High,0.2,1.29
2023-10-30,E123,Team C,2,6.217725364347554,98.27,Database Optimization,Low,0.23,1.96
2023-10-30,E124,Team C,6,6.781182208279697,64.08,Testing,Low,2.68,3.11
2023-10-30,E125,Team C,4,6.506694691067105,66.28,Feature Development,High,1.88,3.3
2023-10-30,E126,Team A,8,8.176675774717918,81.87,Deployment,Medium,2.05,3.02
2023-10-30,E127,Team B,2,7.082132471322078,62.08,Deployment,Low,2.6,1.28
2023-10-31,E123,Team C,5,6.812814923608125,95.1,User Support,Medium,2.66,1.2
2023-10-31,E124,Team B,1,8.291875803173363,90.51,Deployment,Low,0.44,3.61
2023-10-31,E125,Team B,3,7.911214877866331,65.6,System Maintenance,Low,0.91,0.39
2023-10-31,E126,Team B,7,7.782492765646701,81.36,Security Patching,High,2.38,0.43
2023-10-31,E127,Team C,6,8.850175142658513,98.82,Deployment,Medium,0.93,0.35
2023-11-01,E123,Team D,6,7.723671365334157,67.25,Database Optimization,Medium,0.02,1.23
2023-11-01,E124,Team B,5,9.580191897274464,70.36,User Support,High,2.88,1.23
2023-11-01,E125,Team C,2,6.720531606375132,75.79,Deployment,Low,1.92,2.64
2023-11-01,E126,Team D,4,8.725524675314087,77.26,Testing,Low,0.29,1.8
2023-11-01,E127,Team B,4,6.670454183371848,76.48,Security Patching,Medium,0.93,1.31
2023-11-02,E123,Team C,3,6.942965776337756,77.38,User Support,Medium,0.31,2.53
2023-11-02,E124,Team B,8,7.87935885409075,70.17,Testing,High,2.65,2.13
2023-11-02,E125,Team B,7,9.56171222147035,64.22,Database Optimization,Medium,1.76,1.38
2023-11-02,E126,Team A,1,6.529750423152889,79.13,Deployment,High,2.43,2.83
2023-11-02,E127,Team B,1,7.495774294041684,84.43,Documentation,Low,1.54,2.14
2023-11-03,E123,Team D,1,7.3117948070170735,68.84,Documentation,Low,0.79,3.27
2023-11-03,E124,Team C,5,9.725913904687976,70.2,Security Patching,High,0.42,3.33
2023-11-03,E125,Team A,1,7.969625134313166,61.15,System Maintenance,Medium,1.53,0.46
2023-11-03,E126,Team C,6,8.854870064038074,60.95,Code Review,Medium,0.91,0.37
2023-11-03,E127,Team B,10,7.943907723948533,65.35,Code Review,Medium,2.55,3.49
2023-11-04,E123,Team B,8,9.235398324978846,72.67,Bug Fix,High,2.79,0.93
2023-11-04,E124,Team B,10,9.416027555795907,94.38,System Maintenance,Low,1.35,1.95
2023-11-04,E125,Team B,10,7.118713571610444,80.2,User Support,Medium,1.94,2.85
2023-11-04,E126,Team B,9,7.742406891527599,62.02,Deployment,Low,1.91,3.91
2023-11-04,E127,Team A,1,7.696180815548717,64.78,User Support,High,1.15,0.09
2023-11-05,E123,Team B,1,7.419107722693998,81.75,System Maintenance,High,1.61,1.81
2023-11-05,E124,Team D,3,7.641634648934386,90.43,Testing,High,1.13,3.7
2023-11-05,E125,Team A,7,7.929822411911685,93.43,Testing,Low,2.19,1.08
2023-11-05,E126,Team C,5,6.688336080854773,70.59,Feature Development,Low,0.21,0.31
2023-11-05,E127,Team D,6,8.50427063502838,99.14,Bug Fix,High,2.3,1.64
2023-11-06,E123,Team D,5,7.249428953376212,77.81,Bug Fix,High,1.92,2.21
2023-11-06,E124,Team A,8,8.829025035632585,98.05,System Maintenance,High,1.56,3.04
2023-11-06,E125,Team D,5,6.800521482413869,70.25,User Support,High,1.64,3.5
2023-11-06,E126,Team A,1,8.887955451554147,76.11,System Maintenance,High,1.44,2.9
2023-11-06,E127,Team C,5,9.296064148199143,91.4,User Support,Medium,0.62,1.23
2023-11-07,E123,Team A,6,7.786567809143897,88.54,Feature Development,Medium,2.09,3.92
2023-11-07,E124,Team A,4,7.649199751890165,75.27,Security Patching,High,0.3,0.27
2023-11-07,E125,Team D,4,7.898143338005895,73.03,Security Patching,High,1.33,0.61
2023-11-07,E126,Team D,9,8.539645208649496,91.76,Testing,High,1.58,3.52
2023-11-07,E127,Team C,7,6.454210644875246,61.33,Documentation,High,1.36,2.78
2023-11-08,E123,Team A,10,8.686980057574253,72.9,Testing,High,1.91,1.29
2023-11-08,E124,Team D,1,9.687379092106402,62.79,Code Review,High,2.6,3.15
2023-11-08,E125,Team B,3,9.894282209554511,70.24,Feature Development,Medium,1.3,1.0
2023-11-08,E126,Team A,9,9.80640056148416,76.53,Code Review,High,2.94,1.83
2023-11-08,E127,Team D,8,7.516833313020011,89.58,Feature Development,High,0.46,0.72
2023-11-09,E123,Team B,7,9.161999255425798,62.41,Deployment,Medium,0.48,0.94
2023-11-09,E124,Team C,2,9.905226539284156,91.92,User Support,High,0.07,3.8
2023-11-09,E125,Team B,7,7.896662440673728,68.42,Bug Fix,High,0.11,0.63
2023-11-09,E126,Team A,9,6.667278936880259,97.88,Database Optimization,Low,2.36,2.06
2023-11-09,E127,Team B,4,7.568714048790276,99.28,Code Review,Medium,2.06,1.04
2023-11-10,E123,Team C,3,9.758495044407045,83.88,Documentation,Low,2.45,2.79
2023-11-10,E124,Team A,9,6.803583867008136,83.3,Code Review,Medium,1.34,1.39
2023-11-10,E125,Team B,1,7.27173810154409,94.79,Deployment,Low,2.87,2.97
2023-11-10,E126,Team B,5,7.232855353708974,61.53,Documentation,Low,2.48,3.31
2023-11-10,E127,Team B,3,9.072364067020374,75.55,Bug Fix,Medium,0.11,3.45
2023-11-11,E123,Team A,8,8.330869818315643,73.2,System Maintenance,High,2.7,0.13
2023-11-11,E124,Team A,5,7.549661709376304,89.84,Database Optimization,High,1.1,3.86
2023-11-11,E125,Team D,2,8.87608231983342,83.21,System Maintenance,High,0.89,2.0
2023-11-11,E126,Team D,8,9.307857312168704,79.52,Database Optimization,High,1.85,3.88
2023-11-11,E127,Team C,10,8.388504559818292,75.75,User Support,Medium,0.45,0.21
2023-11-12,E123,Team D,6,9.063866552126603,83.91,Code Review,Medium,2.89,2.46
2023-11-12,E124,Team B,7,9.048867933432511,85.82,Code Review,High,0.5,0.67
2023-11-12,E125,Team A,3,8.450692201115906,72.82,Deployment,High,0.88,1.3
2023-11-12,E126,Team A,7,6.908243932223411,89.37,Security Patching,Low,2.28,2.76
2023-11-12,E127,Team A,4,9.959405482014542,88.88,Database Optimization,High,2.93,0.57
2023-11-13,E123,Team C,8,9.474151230386491,73.66,Feature Development,Low,1.87,0.28
2023-11-13,E124,Team A,3,7.346058990925841,68.19,Testing,High,0.52,0.91
2023-11-13,E125,Team B,10,6.732455910481941,85.14,User Support,Medium,1.64,3.24
2023-11-13,E126,Team D,8,9.64103738898985,74.64,User Support,High,2.76,2.87
2023-11-13,E127,Team B,3,9.363004075080209,71.03,Testing,Medium,2.79,1.28
2023-11-14,E123,Team A,4,6.246148741111255,63.48,Security Patching,High,1.71,1.25
2023-11-14,E124,Team C,3,7.405227389318894,83.9,Deployment,Medium,2.18,3.15
2023-11-14,E125,Team C,6,7.698917828557823,92.72,Documentation,Low,1.74,1.45
2023-11-14,E126,Team B,2,7.7923694916238855,79.24,Database Optimization,Medium,1.35,1.64
2023-11-14,E127,Team C,4,8.88239061350885,76.67,Deployment,Medium,1.52,1.04
2023-11-15,E123,Team D,7,7.993524908241875,74.5,Feature Development,Medium,0.44,0.46
2023-11-15,E124,Team B,6,7.454612439100221,96.93,Testing,High,1.09,0.74
2023-11-15,E125,Team C,2,6.351123928888809,76.29,Deployment,High,1.64,2.33
2023-11-15,E126,Team A,10,9.94853513060353,85.72,Bug Fix,High,2.51,2.82
2023-11-15,E127,Team C,1,6.246345960452921,62.58,Feature Development,High,0.79,3.38
2023-11-16,E123,Team C,1,7.997778751812874,84.0,Documentation,Low,0.73,3.86
2023-11-16,E124,Team B,6,8.135290540309395,65.46,Database Optimization,High,2.37,2.04
2023-11-16,E125,Team B,1,6.6054945229014495,71.55,Testing,Medium,2.4,3.54
2023-11-16,E126,Team B,7,6.2169864723725805,98.9,Database Optimization,Low,2.19,2.45
2023-11-16,E127,Team B,8,8.53732720034688,76.42,User Support,Low,1.59,3.84
2023-11-17,E123,Team A,5,9.351275397297922,78.57,Deployment,Low,2.46,0.63
2023-11-17,E124,Team A,9,9.124429754060909,90.44,User Support,Low,1.93,2.21
2023-11-17,E125,Team C,5,9.071180310443442,85.36,Database Optimization,High,1.63,3.23
2023-11-17,E126,Team D,9,6.08570448783172,62.13,Deployment,Low,0.64,2.15
2023-11-17,E127,Team B,5,7.336491052661157,69.57,Deployment,Low,0.98,3.86
2023-11-18,E123,Team D,8,6.4329863431170775,90.13,Deployment,High,2.27,2.79
2023-11-18,E124,Team C,6,8.451111850045205,71.82,Testing,High,1.02,1.58
2023-11-18,E125,Team A,10,9.005059677211824,80.26,Database Optimization,Low,0.95,0.86
2023-11-18,E126,Team D,10,7.77512248509871,87.18,Database Optimization,Medium,1.18,1.84
2023-11-18,E127,Team A,3,9.741610758679856,79.78,Testing,High,1.75,0.21
2023-11-19,E123,Team B,9,8.949237670059938,60.1,Security Patching,Low,1.25,1.83
2023-11-19,E124,Team A,4,8.201359968373659,65.57,Testing,Low,2.73,2.33
2023-11-19,E125,Team D,2,9.985944323869855,73.57,Security Patching,Medium,0.8,3.96
2023-11-19,E126,Team A,7,7.015805054347293,70.26,Database Optimization,Low,1.27,3.73
2023-11-19,E127,Team A,4,9.475841596332646,69.86,Database Optimization,High,2.47,3.36
2023-11-20,E123,Team B,4,7.501854899395541,84.37,Security Patching,Low,0.97,3.8
2023-11-20,E124,Team A,2,6.063608152596653,67.09,Testing,Medium,1.46,0.1
2023-11-20,E125,Team A,3,6.701365793345731,97.27,Code Review,Medium,1.25,2.57
2023-11-20,E126,Team C,2,7.230745981589502,92.5,Documentation,Low,2.26,1.72
2023-11-20,E127,Team B,7,8.398019476789063,90.7,Feature Development,Medium,2.78,1.54
2023-11-21,E123,Team A,8,8.092963372395628,70.8,Database Optimization,Low,0.5,2.8
2023-11-21,E124,Team C,6,8.05618441077323,65.68,Feature Development,Medium,1.35,0.56
2023-11-21,E125,Team D,5,8.954285026210584,62.67,System Maintenance,High,2.24,0.67
2023-11-21,E126,Team D,8,7.650261620935755,68.15,Deployment,High,1.78,2.98
2023-11-21,E127,Team D,9,8.779240749383774,62.3,Code Review,Medium,2.54,0.1
2023-11-22,E123,Team B,9,9.667030974415152,93.96,Code Review,High,2.24,0.63
2023-11-22,E124,Team B,10,6.437918370542192,80.0,Feature Development,Low,1.68,3.9
2023-11-22,E125,Team D,2,6.612550623849115,90.08,Code Review,Medium,0.89,1.51
2023-11-22,E126,Team C,6,8.857707452088349,80.6,Bug Fix,High,0.53,0.16
2023-11-22,E127,Team D,5,6.498798009514746,98.62,Documentation,High,1.87,3.2
2023-11-23,E123,Team A,5,6.7600725244083835,67.9,User Support,Medium,2.7,0.37
2023-11-23,E124,Team B,8,9.236999857060486,88.11,Documentation,Medium,2.19,0.06
2023-11-23,E125,Team C,6,8.338956730857685,94.08,Documentation,Low,1.07,2.22
2023-11-23,E126,Team D,7,6.138895866133314,75.06,Bug Fix,Medium,2.4,2.76
2023-11-23,E127,Team C,5,9.280805368573429,65.03,Deployment,Medium,1.9,2.77
2023-11-24,E123,Team D,9,6.304534304574176,62.61,Security Patching,Medium,2.15,0.13
2023-11-24,E124,Team A,3,7.576279990994882,70.46,System Maintenance,High,1.89,0.1
2023-11-24,E125,Team B,5,7.460756638940205,70.51,Feature Development,Low,0.28,1.97
2023-11-24,E126,Team A,10,9.820194277313991,98.42,System Maintenance,Low,1.78,3.68
2023-11-24,E127,Team A,9,7.430869451203417,71.87,Bug Fix,Low,1.29,3.49
2023-11-25,E123,Team C,9,7.210293547501721,70.95,User Support,Low,2.74,2.41
2023-11-25,E124,Team D,4,9.281023385081578,68.03,Code Review,Low,0.93,2.88
2023-11-25,E125,Team C,7,7.998944197930614,98.64,Feature Development,Medium,2.36,3.84
2023-11-25,E126,Team A,7,7.5635934466164585,83.79,Feature Development,Low,0.96,2.21
2023-11-25,E127,Team C,1,6.151403368059346,85.05,Code Review,Medium,2.73,2.65
2023-11-26,E123,Team C,8,7.649624703191517,78.18,System Maintenance,High,2.23,1.15
2023-11-26,E124,Team B,7,9.878711587219875,63.86,Testing,Medium,2.25,1.23
2023-11-26,E125,Team A,7,7.98830791363466,80.0,Code Review,Medium,2.98,1.25
2023-11-26,E126,Team A,3,6.555123805797075,74.45,Feature Development,High,0.8,3.66
2023-11-26,E127,Team B,10,6.830160818776973,61.41,User Support,High,1.1,3.36
2023-11-27,E123,Team C,7,7.118747809463702,61.13,User Support,Low,0.12,2.04
2023-11-27,E124,Team B,8,8.14520831252602,99.54,Database Optimization,Low,2.55,2.71
2023-11-27,E125,Team A,3,9.183215798919086,98.25,Code Review,Medium,0.23,1.88
2023-11-27,E126,Team A,8,9.724305116231543,65.32,Security Patching,Low,0.51,3.61
2023-11-27,E127,Team C,3,8.953820127044882,60.84,Security Patching,Low,1.37,0.92
2023-11-28,E123,Team B,3,8.984087311461916,86.28,Bug Fix,High,2.38,1.84
2023-11-28,E124,Team C,3,8.518903361186078,81.8,Testing,High,1.24,2.12
2023-11-28,E125,Team B,9,6.39134116050512,76.05,Feature Development,Medium,2.52,3.14
2023-11-28,E126,Team D,10,8.53767347964822,62.99,Database Optimization,High,0.62,2.95
2023-11-28,E127,Team B,1,8.169380473591353,79.03,Deployment,Low,1.94,1.97
2023-11-29,E123,Team D,1,8.22711023949625,93.35,System Maintenance,Medium,0.47,2.11
2023-11-29,E124,Team D,9,6.253947179873864,76.3,User Support,Medium,1.89,2.82
2023-11-29,E125,Team D,1,6.274671958871341,94.56,Feature Development,High,2.89,0.96
2023-11-29,E126,Team A,1,6.257956715446783,71.56,User Support,Medium,0.02,3.96
2023-11-29,E127,Team C,7,6.5340714466225265,78.84,Testing,High,1.46,2.09
2023-11-30,E123,Team A,4,8.073391100186917,85.01,User Support,Medium,1.05,3.61
2023-11-30,E124,Team A,3,9.77199650878837,97.56,User Support,Medium,0.33,1.21
2023-11-30,E125,Team A,1,9.428952766829415,76.11,Bug Fix,Medium,0.84,0.2
2023-11-30,E126,Team A,2,9.192769291396132,92.24,Documentation,Low,2.44,1.86
2023-11-30,E127,Team A,5,7.253860762891602,80.84,Database Optimization,Medium,1.42,2.43
2023-12-01,E123,Team A,1,9.832455582397209,97.03,System Maintenance,Low,2.32,1.96
2023-12-01,E124,Team C,5,8.879671872188997,92.67,Feature Development,Medium,0.61,3.07
2023-12-01,E125,Team C,6,9.337583976000051,82.54,Code Review,Medium,1.94,0.54
2023-12-01,E126,Team C,3,7.809535561275703,66.2,Security Patching,Medium,2.16,2.16
2023-12-01,E127,Team C,10,6.79383539795057,82.34,Bug Fix,Medium,1.69,3.8
2023-12-02,E123,Team D,4,7.270304947272697,69.94,User Support,Medium,2.98,1.47
2023-12-02,E124,Team B,10,8.116214766435508,89.13,Code Review,High,0.15,2.49
2023-12-02,E125,Team D,6,8.541505533666946,95.88,User Support,Medium,2.72,1.79
2023-12-02,E126,Team B,3,9.296651264197294,86.35,Bug Fix,High,2.62,3.05
2023-12-02,E127,Team C,9,9.141854092399365,96.45,System Maintenance,Low,0.74,1.77
2023-12-03,E123,Team D,8,6.692003437735671,92.14,Documentation,Medium,0.66,0.2
2023-12-03,E124,Team B,1,9.887347143400582,87.21,Database Optimization,Low,2.22,3.05
2023-12-03,E125,Team B,10,9.15617903844138,62.76,Documentation,Low,0.91,0.2
2023-12-03,E126,Team B,8,7.110931474565568,91.32,Feature Development,High,1.07,2.95
2023-12-03,E127,Team C,6,6.936204604624246,68.79,Database Optimization,Low,2.82,0.43
2023-12-04,E123,Team A,7,8.858495613595727,78.69,Code Review,Low,2.34,1.19
2023-12-04,E124,Team B,9,8.461992451444672,96.49,Database Optimization,Medium,2.52,3.98
2023-12-04,E125,Team A,2,7.720920642039292,81.77,Bug Fix,Low,1.82,1.89
2023-12-04,E126,Team A,3,8.088878002191285,61.87,Security Patching,High,0.41,2.47
2023-12-04,E127,Team C,4,6.544293688117454,84.61,User Support,Medium,2.72,1.91
2023-12-05,E123,Team B,8,8.002143305425635,86.43,Security Patching,High,0.67,1.66
2023-12-05,E124,Team B,6,7.417743082242453,88.44,System Maintenance,High,0.36,2.49
2023-12-05,E125,Team B,9,8.135408590217384,72.12,Deployment,Medium,1.05,2.08
2023-12-05,E126,Team B,5,7.7478005264658245,74.36,Bug Fix,Medium,2.56,0.15
2023-12-05,E127,Team B,7,7.369143473662342,75.67,Bug Fix,Medium,0.06,0.06
2023-12-06,E123,Team C,9,7.574008009526581,74.47,Feature Development,High,2.68,1.09
2023-12-06,E124,Team A,9,7.137715435415804,82.85,Feature Development,Low,0.16,2.88
2023-12-06,E125,Team B,6,9.136137740875677,99.53,Code Review,Low,2.42,2.48
2023-12-06,E126,Team C,4,7.183959530455326,71.98,Feature Development,High,1.74,3.84
2023-12-06,E127,Team B,7,7.624963701028998,86.49,Code Review,High,1.85,0.81
2023-12-07,E123,Team C,4,6.589676538929613,83.21,Database Optimization,Low,0.78,1.62
2023-12-07,E124,Team C,7,9.907555185904284,79.41,Bug Fix,Low,0.66,0.49
2023-12-07,E125,Team A,1,9.217138521052595,96.41,Deployment,High,1.34,1.53
2023-12-07,E126,Team B,4,6.142885138909289,90.14,Documentation,Low,0.92,0.45
2023-12-07,E127,Team A,7,8.527435907192393,96.29,Bug Fix,High,2.16,1.85
2023-12-08,E123,Team A,7,8.093619679895808,87.42,Database Optimization,Medium,2.19,2.47
2023-12-08,E124,Team C,7,9.309664948542432,81.5,Security Patching,Medium,2.63,3.63
2023-12-08,E125,Team D,2,7.832738474572814,77.88,Documentation,High,0.36,1.55
2023-12-08,E126,Team C,7,7.01972736207774,91.67,Bug Fix,Medium,1.84,1.41
2023-12-08,E127,Team C,5,9.375818287881641,95.32,System Maintenance,Low,1.37,2.66
2023-12-09,E123,Team D,10,9.024950837897027,65.26,Security Patching,Medium,0.06,2.84
2023-12-09,E124,Team B,3,9.063588960186614,92.22,System Maintenance,Medium,2.3,0.94
2023-12-09,E125,Team B,6,6.949579091722136,77.3,System Maintenance,High,1.46,2.61
2023-12-09,E126,Team C,6,8.005399863515883,80.89,Feature Development,Low,0.28,1.08
2023-12-09,E127,Team B,7,8.881928212918048,92.69,Documentation,High,0.05,1.01
2023-12-10,E123,Team D,4,7.646028269717724,91.71,User Support,High,0.93,0.51
2023-12-10,E124,Team C,1,7.785499340527869,63.15,Feature Development,Low,0.32,2.86
2023-12-10,E125,Team D,9,9.97450551613877,90.93,Security Patching,Low,2.87,1.6
2023-12-10,E126,Team C,7,9.833345144366982,62.72,System Maintenance,Medium,0.98,3.18
2023-12-10,E127,Team A,2,9.5235071052718,74.36,Feature Development,Low,2.83,1.49
2023-12-11,E123,Team B,3,8.715751985033789,86.92,Feature Development,High,0.11,1.69
2023-12-11,E124,Team B,4,9.302339622841068,98.3,System Maintenance,Low,1.91,2.22
2023-12-11,E125,Team A,3,7.52493787236407,97.86,Bug Fix,Low,0.94,0.42
2023-12-11,E126,Team B,10,8.925610650403101,90.92,Feature Development,Low,1.66,0.22
2023-12-11,E127,Team D,1,7.134345404724132,75.8,Feature Development,Low,0.56,0.56
2023-12-12,E123,Team D,8,9.391154392769234,97.49,System Maintenance,High,0.48,1.96
2023-12-12,E124,Team C,4,9.366275692978379,97.69,Testing,Medium,0.84,1.92
2023-12-12,E125,Team B,1,6.57428622162782,89.79,Code Review,Medium,1.64,1.16
2023-12-12,E126,Team D,8,7.444665039335732,75.78,Code Review,Medium,0.54,1.15
2023-12-12,E127,Team B,10,8.651280807716352,79.45,Security Patching,Low,2.09,1.59
2023-12-13,E123,Team A,1,9.194777928081763,82.45,Documentation,Medium,1.19,1.47
2023-12-13,E124,Team A,9,7.1386764333626935,89.6,Documentation,Medium,0.79,3.07
2023-12-13,E125,Team A,8,8.24307307877738,92.47,Bug Fix,Low,2.96,3.28
2023-12-13,E126,Team D,7,6.5002328149304125,93.57,Code Review,Low,1.74,3.39
2023-12-13,E127,Team A,6,7.264235291542469,80.14,Database Optimization,High,1.26,2.21
2023-12-14,E123,Team B,10,7.634228757674021,77.54,Bug Fix,Medium,2.14,3.56
2023-12-14,E124,Team A,4,6.725812832095894,72.57,System Maintenance,High,0.19,0.22
2023-12-14,E125,Team A,4,7.420800788822374,77.67,System Maintenance,Low,2.26,3.4
2023-12-14,E126,Team A,3,8.724913266781417,77.1,User Support,Low,0.86,2.73
2023-12-14,E127,Team A,2,9.029409715549606,76.57,Bug Fix,High,0.61,2.49
2023-12-15,E123,Team A,6,7.2917068382129955,78.24,Testing,Low,1.39,0.9
2023-12-15,E124,Team B,7,9.775566787235352,93.33,Database Optimization,Low,0.47,1.43
2023-12-15,E125,Team C,3,6.126590727732238,78.83,Testing,Medium,1.76,1.59
2023-12-15,E126,Team A,9,7.355467329995264,60.84,Feature Development,Medium,2.66,2.11
2023-12-15,E127,Team D,9,7.9070310094778,75.7,Bug Fix,High,0.24,3.34
2023-12-16,E123,Team D,1,8.913074711344793,70.52,Database Optimization,Medium,0.59,2.61
2023-12-16,E124,Team D,4,9.617835873123635,84.85,Database Optimization,Low,0.4,1.97
2023-12-16,E125,Team C,6,9.149463443042487,68.93,Documentation,Medium,1.75,1.39
2023-12-16,E126,Team A,9,6.87055089972562,74.3,Database Optimization,Medium,0.45,3.61
2023-12-16,E127,Team B,9,8.645807645857918,95.48,Documentation,Low,1.62,0.73
2023-12-17,E123,Team B,2,9.622985952506575,80.81,Deployment,Medium,1.7,1.81
2023-12-17,E124,Team D,10,8.247873895364245,63.53,Testing,High,2.03,3.91
2023-12-17,E125,Team C,7,8.129694508441148,66.46,Code Review,High,1.65,1.63
2023-12-17,E126,Team A,3,7.94908495553979,62.57,Database Optimization,Medium,1.25,2.37
2023-12-17,E127,Team C,10,8.90511490585561,73.49,User Support,Medium,2.84,1.84
2023-12-18,E123,Team A,5,7.222385807769675,82.49,Database Optimization,Low,2.54,1.88
2023-12-18,E124,Team B,8,6.378519833108406,84.3,Code Review,Medium,1.91,0.01
2023-12-18,E125,Team C,1,8.524492634181563,76.82,Feature Development,Medium,1.3,2.82
2023-12-18,E126,Team C,9,6.625234058194635,87.77,Security Patching,Low,1.49,0.55
2023-12-18,E127,Team B,2,6.161605132876987,98.74,Feature Development,Low,0.95,0.79
2023-12-19,E123,Team C,8,7.970936300365987,67.22,Feature Development,Medium,0.62,3.84
2023-12-19,E124,Team C,9,6.708895475955,83.25,Bug Fix,Medium,0.73,2.88
2023-12-19,E125,Team A,5,7.916152055277671,95.84,System Maintenance,High,1.85,1.61
2023-12-19,E126,Team D,4,8.314251984563835,71.36,Bug Fix,Low,2.29,2.28
2023-12-19,E127,Team C,4,9.685704920450515,81.09,Bug Fix,High,0.31,0.88
2023-12-20,E123,Team D,6,6.068798001836305,95.0,Feature Development,Medium,0.35,0.21
2023-12-20,E124,Team B,7,6.3978433916663375,61.56,Security Patching,Low,2.35,2.64
2023-12-20,E125,Team A,2,9.027189854613377,73.69,User Support,High,2.91,3.51
2023-12-20,E126,Team C,9,6.550481221730687,67.6,Database Optimization,High,0.07,2.34
2023-12-20,E127,Team D,6,8.716140905876536,72.15,Testing,Low,0.19,0.66
2023-12-21,E123,Team D,4,8.84769601767785,94.21,Code Review,Low,0.08,1.29
2023-12-21,E124,Team D,7,8.51000417710493,83.47,System Maintenance,Low,0.41,3.08
2023-12-21,E125,Team A,7,7.2648321192934855,63.68,Code Review,Medium,0.91,3.06
2023-12-21,E126,Team B,6,7.415929983159266,81.43,Testing,Medium,0.83,3.62
2023-12-21,E127,Team C,9,8.563079635874356,72.82,Code Review,Low,1.15,3.27
2023-12-22,E123,Team D,10,7.871484861934645,70.51,User Support,High,1.45,3.32
2023-12-22,E124,Team C,10,9.008354911087311,87.12,User Support,Low,0.0,3.2
2023-12-22,E125,Team B,7,6.166819239485795,83.73,System Maintenance,High,2.86,1.3
2023-12-22,E126,Team B,1,9.840049924554426,84.1,User Support,High,0.12,1.88
2023-12-22,E127,Team B,1,9.53550692563943,98.65,Deployment,Medium,0.22,0.07
2023-12-23,E123,Team B,9,8.612944124979187,63.83,User Support,High,0.58,2.94
2023-12-23,E124,Team D,6,9.696350544414322,86.25,Feature Development,High,1.31,3.32
2023-12-23,E125,Team D,4,9.65347840380065,94.98,System Maintenance,Medium,2.49,0.72
2023-12-23,E126,Team D,10,8.193093352758627,94.82,Feature Development,High,1.34,3.48
2023-12-23,E127,Team C,1,7.402683025917627,90.16,Feature Development,Low,0.31,2.6
2023-12-24,E123,Team A,7,7.606528989355705,86.54,System Maintenance,Low,0.99,3.78
2023-12-24,E124,Team D,1,9.048514526520947,63.26,Database Optimization,High,1.59,1.38
2023-12-24,E125,Team C,9,8.838309734187387,82.78,Code Review,High,0.35,3.25
2023-12-24,E126,Team A,10,6.656973495441049,77.28,Bug Fix,Medium,2.86,2.42
2023-12-24,E127,Team A,8,7.207988640948295,91.51,Deployment,Low,1.51,3.05
2023-12-25,E123,Team A,10,9.022640264792262,89.7,Bug Fix,Low,0.49,1.9
2023-12-25,E124,Team A,2,8.739358562021637,65.86,Feature Development,Medium,0.79,3.62
2023-12-25,E125,Team B,8,6.375341108970314,96.35,Code Review,High,0.91,2.59
2023-12-25,E126,Team C,5,7.203849259964999,82.9,Deployment,Medium,1.62,3.5
2023-12-25,E127,Team A,10,9.46473610895902,63.19,Deployment,High,0.98,2.35
2023-12-26,E123,Team B,5,8.234659748745903,65.06,System Maintenance,Medium,1.71,2.48
2023-12-26,E124,Team A,8,7.3117837664776175,86.19,User Support,Low,1.96,0.1
2023-12-26,E125,Team D,4,6.279845651854314,74.38,Bug Fix,Low,0.06,2.93
2023-12-26,E126,Team C,9,7.501787142916564,84.22,Bug Fix,Medium,2.37,3.63
2023-12-26,E127,Team B,6,7.011114984341882,70.2,System Maintenance,Low,0.74,3.96
2023-12-27,E123,Team A,2,7.6584708868119264,65.78,User Support,Low,1.5,0.07
2023-12-27,E124,Team B,8,9.548166521364983,70.5,User Support,Low,0.73,3.61
2023-12-27,E125,Team A,7,7.25409900966987,85.55,Testing,Low,2.95,1.64
2023-12-27,E126,Team B,10,9.811723242825416,96.64,Database Optimization,High,0.85,0.52
2023-12-27,E127,Team A,7,9.077838466691931,70.89,Deployment,Low,0.41,1.06
2023-12-28,E123,Team C,10,9.598857782757594,88.44,User Support,Low,0.37,1.9
2023-12-28,E124,Team C,1,9.625574415691196,60.13,Security Patching,Low,2.73,0.2
2023-12-28,E125,Team A,7,8.380832355824301,98.84,Testing,High,1.98,1.13
2023-12-28,E126,Team D,7,8.276745034033645,93.76,Code Review,Low,2.03,1.48
2023-12-28,E127,Team B,8,7.7795752173495725,60.94,Bug Fix,Low,2.33,1.92
2023-12-29,E123,Team A,10,8.58683661884462,73.71,Security Patching,Medium,2.48,1.84
2023-12-29,E124,Team A,10,9.69611867630162,99.38,Feature Development,High,2.31,1.38
2023-12-29,E125,Team B,8,7.347416526317148,88.97,Database Optimization,High,2.13,2.35
2023-12-29,E126,Team C,4,6.100339996742761,78.74,Feature Development,Medium,2.07,0.97
2023-12-29,E127,Team C,7,6.582842284691327,81.54,Feature Development,Medium,1.38,3.65
2023-12-30,E123,Team C,7,9.120500143515576,88.07,Database Optimization,Medium,0.35,1.81
2023-12-30,E124,Team D,1,9.178957361284874,96.14,System Maintenance,Low,1.08,3.59
2023-12-30,E125,Team A,5,7.113318981880393,82.07,Documentation,Medium,1.6,2.94
2023-12-30,E126,Team C,7,9.71208086107354,70.44,Code Review,High,0.27,1.94
2023-12-30,E127,Team D,6,9.655515181126479,77.21,System Maintenance,Medium,2.8,2.96
2023-12-31,E123,Team D,10,7.1902452849294995,83.96,Feature Development,Low,2.85,1.77
2023-12-31,E124,Team D,1,7.484257492709931,63.32,Feature Development,High,1.13,0.47
2023-12-31,E125,Team B,1,9.579887237434399,82.89,Feature Development,Medium,0.24,2.96
2023-12-31,E126,Team B,1,8.552400774133265,95.63,Deployment,Low,1.44,3.69
2023-12-31,E127,Team C,2,9.602151595185006,72.05,Bug Fix,Medium,2.49,3.24
